1245, 1.000000e+00, 0.000000e+00, 0.000000e+00, 0.000000e+00 
1246, -5.000000e-01, 0.000000e+00, 1.000000e+00, 0.000000e+00 
1133, 9.795299e-01, 2.012985e-01, 0.000000e+00, 0.000000e+00 
1134, 9.189576e-01, 3.943558e-01, 0.000000e+00, 0.000000e+00 
1135, 8.207632e-01, 5.712680e-01, 0.000000e+00, 0.000000e+00 
1136, 6.889667e-01, 7.247925e-01, 0.000000e+00, 0.000000e+00 
1137, 5.289638e-01, 8.486440e-01, 0.000000e+00, 0.000000e+00 
1138, 3.473052e-01, 9.377519e-01, 0.000000e+00, 0.000000e+00 
1139, 1.514278e-01, 9.884683e-01, 0.000000e+00, 0.000000e+00 
1140, -5.064917e-02, 9.987165e-01, 0.000000e+00, 0.000000e+00 
1141, -2.506525e-01, 9.680770e-01, 0.000000e+00, 0.000000e+00 
1142, -4.403940e-01, 8.978043e-01, 0.000000e+00, 0.000000e+00 
1143, -6.121058e-01, 7.907755e-01, 0.000000e+00, 0.000000e+00 
1144, -7.587578e-01, 6.513722e-01, 0.000000e+00, 0.000000e+00 
1145, -8.743464e-01, 4.853018e-01, 0.000000e+00, 0.000000e+00 
1146, -9.541391e-01, 2.993631e-01, 0.000000e+00, 0.000000e+00 
1147, -9.948693e-01, 1.011683e-01, 0.000000e+00, 0.000000e+00 
1148, -9.948693e-01, -1.011683e-01, 0.000000e+00, 0.000000e+00 
1149, -9.541391e-01, -2.993631e-01, 0.000000e+00, 0.000000e+00 
1150, -8.743464e-01, -4.853018e-01, 0.000000e+00, 0.000000e+00 
1151, -7.587578e-01, -6.513722e-01, 0.000000e+00, 0.000000e+00 
1152, -6.121058e-01, -7.907755e-01, 0.000000e+00, 0.000000e+00 
1153, -4.403940e-01, -8.978043e-01, 0.000000e+00, 0.000000e+00 
1154, -2.506525e-01, -9.680770e-01, 0.000000e+00, 0.000000e+00 
1155, -5.064917e-02, -9.987165e-01, 0.000000e+00, 0.000000e+00 
1156, 1.514278e-01, -9.884683e-01, 0.000000e+00, 0.000000e+00 
1157, 3.473052e-01, -9.377519e-01, 0.000000e+00, 0.000000e+00 
1158, 5.289638e-01, -8.486440e-01, 0.000000e+00, 0.000000e+00 
1159, 6.889667e-01, -7.247925e-01, 0.000000e+00, 0.000000e+00 
1160, 8.207632e-01, -5.712680e-01, 0.000000e+00, 0.000000e+00 
1161, 9.189576e-01, -3.943558e-01, 0.000000e+00, 0.000000e+00 
1162, 9.795299e-01, -2.012985e-01, 0.000000e+00, 0.000000e+00 
1224, -4.797465e-01, 1.408663e-01, 0.000000e+00, 0.000000e+00 
1225, -4.206267e-01, 2.703204e-01, 0.000000e+00, 0.000000e+00 
1226, -3.274303e-01, 3.778748e-01, 0.000000e+00, 0.000000e+00 
1227, -2.077075e-01, 4.548160e-01, 0.000000e+00, 0.000000e+00 
1228, -7.115741e-02, 4.949107e-01, 0.000000e+00, 0.000000e+00 
1229, 7.115741e-02, 4.949107e-01, 0.000000e+00, 0.000000e+00 
1230, 2.077075e-01, 4.548160e-01, 0.000000e+00, 0.000000e+00 
1231, 3.274303e-01, 3.778748e-01, 0.000000e+00, 0.000000e+00 
1232, 4.206267e-01, 2.703204e-01, 0.000000e+00, 0.000000e+00 
1233, 4.797465e-01, 1.408663e-01, 0.000000e+00, 0.000000e+00 
1234, 5.000000e-01, 0.000000e+00, 0.000000e+00, 0.000000e+00 
1235, 4.797465e-01, -1.408663e-01, 0.000000e+00, 0.000000e+00 
1236, 4.206267e-01, -2.703204e-01, 0.000000e+00, 0.000000e+00 
1237, 3.274303e-01, -3.778748e-01, 0.000000e+00, 0.000000e+00 
1238, 2.077075e-01, -4.548160e-01, 0.000000e+00, 0.000000e+00 
1239, 7.115741e-02, -4.949107e-01, 0.000000e+00, 0.000000e+00 
1240, -7.115741e-02, -4.949107e-01, 0.000000e+00, 0.000000e+00 
1241, -2.077075e-01, -4.548160e-01, 0.000000e+00, 0.000000e+00 
1242, -3.274303e-01, -3.778748e-01, 0.000000e+00, 0.000000e+00 
1243, -4.206267e-01, -2.703204e-01, 0.000000e+00, 0.000000e+00 
1244, -4.797465e-01, -1.408663e-01, 0.000000e+00, 0.000000e+00 
1163, -4.797463e-01, -1.408662e-01, 1.000000e+00, 0.000000e+00 
1164, -4.206264e-01, -2.703202e-01, 1.000000e+00, 0.000000e+00 
1165, -3.274299e-01, -3.778743e-01, 1.000000e+00, 0.000000e+00 
1166, -2.077072e-01, -4.548154e-01, 1.000000e+00, 0.000000e+00 
1167, -7.115736e-02, -4.949102e-01, 1.000000e+00, 0.000000e+00 
1168, 7.115736e-02, -4.949105e-01, 1.000000e+00, 0.000000e+00 
1169, 2.077075e-01, -4.548160e-01, 1.000000e+00, 0.000000e+00 
1170, 3.274303e-01, -3.778747e-01, 1.000000e+00, 0.000000e+00 
1171, 4.206265e-01, -2.703202e-01, 1.000000e+00, 0.000000e+00 
1172, 4.797459e-01, -1.408661e-01, 1.000000e+00, 0.000000e+00 
1173, 4.999993e-01, 0.000000e+00, 1.000000e+00, 0.000000e+00 
1174, 4.797459e-01, 1.408661e-01, 1.000000e+00, 0.000000e+00 
1175, 4.206265e-01, 2.703202e-01, 1.000000e+00, 0.000000e+00 
1176, 3.274303e-01, 3.778747e-01, 1.000000e+00, 0.000000e+00 
1177, 2.077075e-01, 4.548160e-01, 1.000000e+00, 0.000000e+00 
1178, 7.115736e-02, 4.949105e-01, 1.000000e+00, 0.000000e+00 
1179, -7.115736e-02, 4.949102e-01, 1.000000e+00, 0.000000e+00 
1180, -2.077072e-01, 4.548154e-01, 1.000000e+00, 0.000000e+00 
1181, -3.274299e-01, 3.778743e-01, 1.000000e+00, 0.000000e+00 
1182, -4.206264e-01, 2.703202e-01, 1.000000e+00, 0.000000e+00 
1183, -4.797463e-01, 1.408662e-01, 1.000000e+00, 0.000000e+00 
1194, 9.795299e-01, 2.012985e-01, 1.000000e+00, 0.000000e+00 
1195, 9.189576e-01, 3.943558e-01, 1.000000e+00, 0.000000e+00 
1196, 8.207632e-01, 5.712680e-01, 1.000000e+00, 0.000000e+00 
1197, 6.889667e-01, 7.247925e-01, 1.000000e+00, 0.000000e+00 
1198, 5.289638e-01, 8.486440e-01, 1.000000e+00, 0.000000e+00 
1199, 3.473052e-01, 9.377519e-01, 1.000000e+00, 0.000000e+00 
1200, 1.514278e-01, 9.884683e-01, 1.000000e+00, 0.000000e+00 
1201, -5.064917e-02, 9.987165e-01, 1.000000e+00, 0.000000e+00 
1202, -2.506525e-01, 9.680770e-01, 1.000000e+00, 0.000000e+00 
1203, -4.403940e-01, 8.978043e-01, 1.000000e+00, 0.000000e+00 
1204, -6.121058e-01, 7.907755e-01, 1.000000e+00, 0.000000e+00 
1205, -7.587578e-01, 6.513722e-01, 1.000000e+00, 0.000000e+00 
1206, -8.743464e-01, 4.853018e-01, 1.000000e+00, 0.000000e+00 
1207, -9.541391e-01, 2.993631e-01, 1.000000e+00, 0.000000e+00 
1208, -9.948693e-01, 1.011683e-01, 1.000000e+00, 0.000000e+00 
1209, -9.948693e-01, -1.011683e-01, 1.000000e+00, 0.000000e+00 
1210, -9.541391e-01, -2.993631e-01, 1.000000e+00, 0.000000e+00 
1211, -8.743464e-01, -4.853018e-01, 1.000000e+00, 0.000000e+00 
1212, -7.587578e-01, -6.513722e-01, 1.000000e+00, 0.000000e+00 
1213, -6.121058e-01, -7.907755e-01, 1.000000e+00, 0.000000e+00 
1214, -4.403940e-01, -8.978043e-01, 1.000000e+00, 0.000000e+00 
1215, -2.506525e-01, -9.680770e-01, 1.000000e+00, 0.000000e+00 
1216, -5.064917e-02, -9.987165e-01, 1.000000e+00, 0.000000e+00 
1217, 1.514278e-01, -9.884683e-01, 1.000000e+00, 0.000000e+00 
1218, 3.473052e-01, -9.377519e-01, 1.000000e+00, 0.000000e+00 
1219, 5.289638e-01, -8.486440e-01, 1.000000e+00, 0.000000e+00 
1220, 6.889667e-01, -7.247925e-01, 1.000000e+00, 0.000000e+00 
1221, 8.207632e-01, -5.712680e-01, 1.000000e+00, 0.000000e+00 
1222, 9.189576e-01, -3.943558e-01, 1.000000e+00, 0.000000e+00 
1223, 9.795299e-01, -2.012985e-01, 1.000000e+00, 0.000000e+00 
789, 9.795299e-01, 2.012982e-01, 8.000000e-01, 0.000000e+00 
790, 9.189581e-01, 3.943547e-01, 8.000001e-01, 0.000000e+00 
791, 8.207644e-01, 5.712661e-01, 8.000002e-01, 0.000000e+00 
792, 6.889690e-01, 7.247903e-01, 8.000003e-01, 0.000000e+00 
793, 5.289667e-01, 8.486423e-01, 8.000004e-01, 0.000000e+00 
794, 3.473063e-01, 9.377516e-01, 8.000001e-01, 0.000000e+00 
795, 1.514266e-01, 9.884684e-01, 7.999999e-01, 0.000000e+00 
796, -5.064915e-02, 9.987165e-01, 8.000000e-01, 0.000000e+00 
797, -2.506520e-01, 9.680771e-01, 8.000001e-01, 0.000000e+00 
798, -4.403927e-01, 8.978049e-01, 8.000002e-01, 0.000000e+00 
799, -6.121038e-01, 7.907770e-01, 8.000003e-01, 0.000000e+00 
800, -7.587557e-01, 6.513748e-01, 8.000004e-01, 0.000000e+00 
801, -8.743449e-01, 4.853046e-01, 8.000003e-01, 0.000000e+00 
802, -9.541392e-01, 2.993628e-01, 8.000000e-01, 0.000000e+00 
803, -9.948693e-01, 1.011676e-01, 7.999999e-01, 0.000000e+00 
804, -9.948693e-01, -1.011682e-01, 8.000000e-01, 0.000000e+00 
805, -9.541393e-01, -2.993624e-01, 8.000001e-01, 0.000000e+00 
806, -8.743472e-01, -4.853003e-01, 8.000002e-01, 0.000000e+00 
807, -7.587596e-01, -6.513701e-01, 8.000003e-01, 0.000000e+00 
808, -6.121085e-01, -7.907734e-01, 8.000004e-01, 0.000000e+00 
809, -4.403965e-01, -8.978032e-01, 8.000003e-01, 0.000000e+00 
810, -2.506513e-01, -9.680773e-01, 7.999999e-01, 0.000000e+00 
811, -5.064896e-02, -9.987165e-01, 8.000000e-01, 0.000000e+00 
812, 1.514276e-01, -9.884683e-01, 8.000000e-01, 0.000000e+00 
813, 3.473043e-01, -9.377522e-01, 8.000001e-01, 0.000000e+00 
814, 5.289621e-01, -8.486450e-01, 8.000002e-01, 0.000000e+00 
815, 6.889645e-01, -7.247946e-01, 8.000003e-01, 0.000000e+00 
816, 8.207612e-01, -5.712709e-01, 8.000004e-01, 0.000000e+00 
817, 9.189569e-01, -3.943577e-01, 8.000002e-01, 0.000000e+00 
818, 9.795301e-01, -2.012971e-01, 7.999998e-01, 0.000000e+00 
819, 9.795300e-01, 2.012974e-01, 6.000001e-01, 0.000000e+00 
820, 9.189589e-01, 3.943525e-01, 6.000004e-01, 0.000000e+00 
821, 8.207662e-01, 5.712636e-01, 6.000006e-01, 0.000000e+00 
822, 6.889697e-01, 7.247896e-01, 6.000004e-01, 0.000000e+00 
823, 5.289616e-01, 8.486453e-01, 5.999997e-01, 0.000000e+00 
824, 3.473015e-01, 9.377532e-01, 5.999996e-01, 0.000000e+00 
825, 1.514266e-01, 9.884684e-01, 5.999999e-01, 0.000000e+00 
826, -5.064909e-02, 9.987165e-01, 6.000000e-01, 0.000000e+00 
827, -2.506509e-01, 9.680774e-01, 6.000002e-01, 0.000000e+00 
828, -4.403903e-01, 8.978060e-01, 6.000004e-01, 0.000000e+00 
829, -6.121014e-01, 7.907788e-01, 6.000006e-01, 0.000000e+00 
830, -7.587558e-01, 6.513746e-01, 6.000003e-01, 0.000000e+00 
831, -8.743481e-01, 4.852986e-01, 5.999996e-01, 0.000000e+00 
832, -9.541400e-01, 2.993599e-01, 5.999996e-01, 0.000000e+00 
833, -9.948693e-01, 1.011678e-01, 5.999999e-01, 0.000000e+00 
834, -9.948693e-01, -1.011680e-01, 6.000000e-01, 0.000000e+00 
835, -9.541397e-01, -2.993609e-01, 6.000002e-01, 0.000000e+00 
836, -8.743486e-01, -4.852978e-01, 6.000005e-01, 0.000000e+00 
837, -7.587613e-01, -6.513681e-01, 6.000006e-01, 0.000000e+00 
838, -6.121068e-01, -7.907746e-01, 6.000001e-01, 0.000000e+00 
839, -4.403903e-01, -8.978060e-01, 5.999996e-01, 0.000000e+00 
840, -2.506499e-01, -9.680776e-01, 5.999997e-01, 0.000000e+00 
841, -5.064902e-02, -9.987165e-01, 6.000000e-01, 0.000000e+00 
842, 1.514271e-01, -9.884684e-01, 6.000001e-01, 0.000000e+00 
843, 3.473025e-01, -9.377529e-01, 6.000003e-01, 0.000000e+00 
844, 5.289595e-01, -8.486466e-01, 6.000005e-01, 0.000000e+00 
845, 6.889630e-01, -7.247959e-01, 6.000005e-01, 0.000000e+00 
846, 8.207637e-01, -5.712673e-01, 5.999999e-01, 0.000000e+00 
847, 9.189592e-01, -3.943519e-01, 5.999996e-01, 0.000000e+00 
848, 9.795302e-01, -2.012967e-01, 5.999998e-01, 0.000000e+00 
849, 9.795302e-01, 2.012967e-01, 4.000002e-01, 0.000000e+00 
850, 9.189592e-01, 3.943519e-01, 4.000004e-01, 0.000000e+00 
851, 8.207637e-01, 5.712673e-01, 4.000001e-01, 0.000000e+00 
852, 6.889630e-01, 7.247959e-01, 3.999995e-01, 0.000000e+00 
853, 5.289595e-01, 8.486466e-01, 3.999995e-01, 0.000000e+00 
854, 3.473025e-01, 9.377529e-01, 3.999997e-01, 0.000000e+00 
855, 1.514271e-01, 9.884684e-01, 3.999999e-01, 0.000000e+00 
856, -5.064902e-02, 9.987165e-01, 4.000000e-01, 0.000000e+00 
857, -2.506499e-01, 9.680776e-01, 4.000003e-01, 0.000000e+00 
858, -4.403903e-01, 8.978060e-01, 4.000004e-01, 0.000000e+00 
859, -6.121068e-01, 7.907746e-01, 3.999999e-01, 0.000000e+00 
860, -7.587613e-01, 6.513681e-01, 3.999994e-01, 0.000000e+00 
861, -8.743486e-01, 4.852978e-01, 3.999995e-01, 0.000000e+00 
862, -9.541397e-01, 2.993609e-01, 3.999998e-01, 0.000000e+00 
863, -9.948693e-01, 1.011680e-01, 4.000000e-01, 0.000000e+00 
864, -9.948693e-01, -1.011678e-01, 4.000001e-01, 0.000000e+00 
865, -9.541400e-01, -2.993599e-01, 4.000004e-01, 0.000000e+00 
866, -8.743481e-01, -4.852986e-01, 4.000004e-01, 0.000000e+00 
867, -7.587558e-01, -6.513746e-01, 3.999997e-01, 0.000000e+00 
868, -6.121014e-01, -7.907788e-01, 3.999994e-01, 0.000000e+00 
869, -4.403903e-01, -8.978060e-01, 3.999996e-01, 0.000000e+00 
870, -2.506509e-01, -9.680774e-01, 3.999998e-01, 0.000000e+00 
871, -5.064909e-02, -9.987165e-01, 4.000000e-01, 0.000000e+00 
872, 1.514266e-01, -9.884684e-01, 4.000001e-01, 0.000000e+00 
873, 3.473015e-01, -9.377532e-01, 4.000004e-01, 0.000000e+00 
874, 5.289616e-01, -8.486453e-01, 4.000003e-01, 0.000000e+00 
875, 6.889697e-01, -7.247896e-01, 3.999996e-01, 0.000000e+00 
876, 8.207662e-01, -5.712636e-01, 3.999994e-01, 0.000000e+00 
877, 9.189589e-01, -3.943525e-01, 3.999996e-01, 0.000000e+00 
878, 9.795300e-01, -2.012974e-01, 3.999999e-01, 0.000000e+00 
879, 9.795301e-01, 2.012971e-01, 2.000002e-01, 0.000000e+00 
880, 9.189569e-01, 3.943577e-01, 1.999998e-01, 0.000000e+00 
881, 8.207612e-01, 5.712709e-01, 1.999996e-01, 0.000000e+00 
882, 6.889645e-01, 7.247946e-01, 1.999997e-01, 0.000000e+00 
883, 5.289621e-01, 8.486450e-01, 1.999998e-01, 0.000000e+00 
884, 3.473043e-01, 9.377522e-01, 1.999999e-01, 0.000000e+00 
885, 1.514276e-01, 9.884683e-01, 2.000000e-01, 0.000000e+00 
886, -5.064896e-02, 9.987165e-01, 2.000000e-01, 0.000000e+00 
887, -2.506513e-01, 9.680773e-01, 2.000001e-01, 0.000000e+00 
888, -4.403965e-01, 8.978032e-01, 1.999997e-01, 0.000000e+00 
889, -6.121085e-01, 7.907734e-01, 1.999996e-01, 0.000000e+00 
890, -7.587596e-01, 6.513701e-01, 1.999997e-01, 0.000000e+00 
891, -8.743472e-01, 4.853003e-01, 1.999998e-01, 0.000000e+00 
892, -9.541393e-01, 2.993624e-01, 1.999999e-01, 0.000000e+00 
893, -9.948693e-01, 1.011682e-01, 2.000000e-01, 0.000000e+00 
894, -9.948693e-01, -1.011676e-01, 2.000001e-01, 0.000000e+00 
895, -9.541392e-01, -2.993628e-01, 2.000000e-01, 0.000000e+00 
896, -8.743449e-01, -4.853046e-01, 1.999997e-01, 0.000000e+00 
897, -7.587557e-01, -6.513748e-01, 1.999996e-01, 0.000000e+00 
898, -6.121038e-01, -7.907770e-01, 1.999997e-01, 0.000000e+00 
899, -4.403927e-01, -8.978049e-01, 1.999998e-01, 0.000000e+00 
900, -2.506520e-01, -9.680771e-01, 1.999999e-01, 0.000000e+00 
901, -5.064915e-02, -9.987165e-01, 2.000000e-01, 0.000000e+00 
902, 1.514266e-01, -9.884684e-01, 2.000001e-01, 0.000000e+00 
903, 3.473063e-01, -9.377516e-01, 1.999999e-01, 0.000000e+00 
904, 5.289667e-01, -8.486423e-01, 1.999996e-01, 0.000000e+00 
905, 6.889690e-01, -7.247903e-01, 1.999997e-01, 0.000000e+00 
906, 8.207644e-01, -5.712661e-01, 1.999998e-01, 0.000000e+00 
907, 9.189581e-01, -3.943547e-01, 1.999999e-01, 0.000000e+00 
908, 9.795299e-01, -2.012982e-01, 2.000000e-01, 0.000000e+00 
1084, -6.762427e-01, -4.603220e-01, 1.000000e+00, 0.000000e+00 
1085, -4.874095e-01, -4.177132e-01, 1.000000e+00, 0.000000e+00 
1086, 3.420077e-01, 5.440253e-01, 1.000000e+00, 0.000000e+00 
1087, 3.541557e-01, 7.380946e-01, 1.000000e+00, 0.000000e+00 
1088, -4.852010e-01, 4.210792e-01, 1.000000e+00, 0.000000e+00 
1089, -5.567653e-01, 6.003974e-01, 1.000000e+00, 0.000000e+00 
1090, -6.373597e-01, -8.032373e-02, 1.000000e+00, 0.000000e+00 
1091, -8.061119e-01, 1.193545e-02, 1.000000e+00, 0.000000e+00 
1092, -7.979360e-01, -1.794873e-01, 1.000000e+00, 0.000000e+00 
1093, -6.113694e-01, -2.696893e-01, 1.000000e+00, 0.000000e+00 
1094, -7.832413e-01, -3.391072e-01, 1.000000e+00, 0.000000e+00 
1095, -6.717014e-01, 4.454059e-01, 1.000000e+00, 0.000000e+00 
1096, -6.289401e-01, 9.625074e-02, 1.000000e+00, 0.000000e+00 
1097, -7.840014e-01, 2.434953e-01, 1.000000e+00, 0.000000e+00 
1098, -5.763629e-01, 2.689633e-01, 1.000000e+00, 0.000000e+00 
1099, -3.005606e-01, 7.650359e-01, 1.000000e+00, 0.000000e+00 
1100, -1.773844e-01, 6.219087e-01, 1.000000e+00, 0.000000e+00 
1101, -1.209598e-01, 8.022728e-01, 1.000000e+00, 0.000000e+00 
1102, -1.028547e-02, 6.460785e-01, 1.000000e+00, 0.000000e+00 
1103, 1.777362e-01, 6.455292e-01, 1.000000e+00, 0.000000e+00 
1104, 6.065260e-02, 8.176074e-01, 1.000000e+00, 0.000000e+00 
1105, 2.184672e-01, 8.259644e-01, 1.000000e+00, 0.000000e+00 
1106, -3.582133e-01, 5.659644e-01, 1.000000e+00, 0.000000e+00 
1107, -4.539335e-01, 7.245116e-01, 1.000000e+00, 0.000000e+00 
1108, 7.795908e-01, -2.514376e-01, 1.000000e+00, 0.000000e+00 
1109, 5.823632e-01, -2.719415e-01, 1.000000e+00, 0.000000e+00 
1110, -1.320709e-01, -7.959033e-01, 1.000000e+00, 0.000000e+00 
1111, -1.452645e-02, -6.419575e-01, 1.000000e+00, 0.000000e+00 
1112, -5.405837e-01, -5.973626e-01, 1.000000e+00, 0.000000e+00 
1113, -1.873954e-01, -6.079677e-01, 1.000000e+00, 0.000000e+00 
1114, -3.579954e-01, -7.386915e-01, 1.000000e+00, 0.000000e+00 
1115, -3.504845e-01, -5.305686e-01, 1.000000e+00, 0.000000e+00 
1116, 6.805180e-01, -4.645043e-01, 1.000000e+00, 0.000000e+00 
1117, 5.788249e-02, -8.160385e-01, 1.000000e+00, 0.000000e+00 
1118, 3.542174e-01, -7.376753e-01, 1.000000e+00, 0.000000e+00 
1119, 3.423424e-01, -5.431103e-01, 1.000000e+00, 0.000000e+00 
1120, 1.767110e-01, -6.443496e-01, 1.000000e+00, 0.000000e+00 
1121, 2.177442e-01, -8.253374e-01, 1.000000e+00, 0.000000e+00 
1122, 5.106928e-01, -6.240869e-01, 1.000000e+00, 0.000000e+00 
1123, 4.757056e-01, -4.242202e-01, 1.000000e+00, 0.000000e+00 
1124, 5.747935e-01, 2.750410e-01, 1.000000e+00, 0.000000e+00 
1125, 6.775582e-01, 4.650814e-01, 1.000000e+00, 0.000000e+00 
1126, 5.098753e-01, 6.245777e-01, 1.000000e+00, 0.000000e+00 
1127, 4.737380e-01, 4.247950e-01, 1.000000e+00, 0.000000e+00 
1128, 7.668375e-01, 2.497180e-01, 1.000000e+00, 0.000000e+00 
1129, 6.327950e-01, 1.078225e-01, 1.000000e+00, 0.000000e+00 
1130, 6.622371e-01, -8.373257e-02, 1.000000e+00, 0.000000e+00 
1131, 8.147925e-01, 6.373799e-02, 1.000000e+00, 0.000000e+00 
1132, 8.477643e-01, -9.458972e-02, 1.000000e+00, 0.000000e+00 
909, -6.762439e-01, 4.603227e-01, 0.000000e+00, 0.000000e+00 
910, -4.874106e-01, 4.177140e-01, 0.000000e+00, 0.000000e+00 
911, 3.420088e-01, -5.440265e-01, 0.000000e+00, 0.000000e+00 
912, 3.541565e-01, -7.380956e-01, 0.000000e+00, 0.000000e+00 
913, -4.852024e-01, -4.210807e-01, 0.000000e+00, 0.000000e+00 
914, -5.567662e-01, -6.003989e-01, 0.000000e+00, 0.000000e+00 
915, -6.373616e-01, 8.032372e-02, 0.000000e+00, 0.000000e+00 
916, -8.061134e-01, -1.193571e-02, 0.000000e+00, 0.000000e+00 
917, -7.979373e-01, 1.794876e-01, 0.000000e+00, 0.000000e+00 
918, -6.113703e-01, 2.696896e-01, 0.000000e+00, 0.000000e+00 
919, -7.832420e-01, 3.391075e-01, 0.000000e+00, 0.000000e+00 
920, -6.717024e-01, -4.454067e-01, 0.000000e+00, 0.000000e+00 
921, -6.289412e-01, -9.625101e-02, 0.000000e+00, 0.000000e+00 
922, -7.840020e-01, -2.434955e-01, 0.000000e+00, 0.000000e+00 
923, -5.763636e-01, -2.689638e-01, 0.000000e+00, 0.000000e+00 
924, -3.005607e-01, -7.650386e-01, 0.000000e+00, 0.000000e+00 
925, -1.773845e-01, -6.219109e-01, 0.000000e+00, 0.000000e+00 
926, -1.209597e-01, -8.022743e-01, 0.000000e+00, 0.000000e+00 
927, -1.028520e-02, -6.460799e-01, 0.000000e+00, 0.000000e+00 
928, 1.777366e-01, -6.455302e-01, 0.000000e+00, 0.000000e+00 
929, 6.065286e-02, -8.176082e-01, 0.000000e+00, 0.000000e+00 
930, 2.184675e-01, -8.259650e-01, 0.000000e+00, 0.000000e+00 
931, -3.582138e-01, -5.659658e-01, 0.000000e+00, 0.000000e+00 
932, -4.539338e-01, -7.245128e-01, 0.000000e+00, 0.000000e+00 
933, 7.795925e-01, 2.514383e-01, 0.000000e+00, 0.000000e+00 
934, 5.823647e-01, 2.719421e-01, 0.000000e+00, 0.000000e+00 
935, -1.320710e-01, 7.959047e-01, 0.000000e+00, 0.000000e+00 
936, -1.452637e-02, 6.419590e-01, 0.000000e+00, 0.000000e+00 
937, -5.405841e-01, 5.973633e-01, 0.000000e+00, 0.000000e+00 
938, -1.873956e-01, 6.079688e-01, 0.000000e+00, 0.000000e+00 
939, -3.579956e-01, 7.386921e-01, 0.000000e+00, 0.000000e+00 
940, -3.504849e-01, 5.305693e-01, 0.000000e+00, 0.000000e+00 
941, 6.805188e-01, 4.645048e-01, 0.000000e+00, 0.000000e+00 
942, 5.788283e-02, 8.160396e-01, 0.000000e+00, 0.000000e+00 
943, 3.542182e-01, 7.376765e-01, 0.000000e+00, 0.000000e+00 
944, 3.423432e-01, 5.431112e-01, 0.000000e+00, 0.000000e+00 
945, 1.767113e-01, 6.443503e-01, 0.000000e+00, 0.000000e+00 
946, 2.177445e-01, 8.253381e-01, 0.000000e+00, 0.000000e+00 
947, 5.106933e-01, 6.240874e-01, 0.000000e+00, 0.000000e+00 
948, 4.757062e-01, 4.242206e-01, 0.000000e+00, 0.000000e+00 
949, 5.747958e-01, -2.750414e-01, 0.000000e+00, 0.000000e+00 
950, 6.775597e-01, -4.650816e-01, 0.000000e+00, 0.000000e+00 
951, 5.098762e-01, -6.245782e-01, 0.000000e+00, 0.000000e+00 
952, 4.737390e-01, -4.247954e-01, 0.000000e+00, 0.000000e+00 
953, 7.668388e-01, -2.497181e-01, 0.000000e+00, 0.000000e+00 
954, 6.327966e-01, -1.078224e-01, 0.000000e+00, 0.000000e+00 
955, 6.622384e-01, 8.373293e-02, 0.000000e+00, 0.000000e+00 
956, 8.147935e-01, -6.373777e-02, 0.000000e+00, 0.000000e+00 
957, 8.477651e-01, 9.459001e-02, 0.000000e+00, 0.000000e+00 
958, -4.797454e-01, 1.408696e-01, 8.571926e-01, 0.000000e+00 
959, -4.206251e-01, 2.703223e-01, 8.571924e-01, 0.000000e+00 
960, -3.274292e-01, 3.778750e-01, 8.571923e-01, 0.000000e+00 
961, -2.077077e-01, 4.548152e-01, 8.571923e-01, 0.000000e+00 
962, -7.115940e-02, 4.949100e-01, 8.571924e-01, 0.000000e+00 
963, 7.115417e-02, 4.949110e-01, 8.571925e-01, 0.000000e+00 
964, 2.077056e-01, 4.548169e-01, 8.571927e-01, 0.000000e+00 
965, 3.274330e-01, 3.778725e-01, 8.571927e-01, 0.000000e+00 
966, 4.206281e-01, 2.703178e-01, 8.571925e-01, 0.000000e+00 
967, 4.797464e-01, 1.408646e-01, 8.571923e-01, 0.000000e+00 
968, 4.999993e-01, 0.000000e+00, 8.571923e-01, 0.000000e+00 
969, 4.797464e-01, -1.408646e-01, 8.571923e-01, 0.000000e+00 
970, 4.206281e-01, -2.703178e-01, 8.571925e-01, 0.000000e+00 
971, 3.274330e-01, -3.778725e-01, 8.571927e-01, 0.000000e+00 
972, 2.077056e-01, -4.548169e-01, 8.571927e-01, 0.000000e+00 
973, 7.115417e-02, -4.949110e-01, 8.571925e-01, 0.000000e+00 
974, -7.115940e-02, -4.949100e-01, 8.571924e-01, 0.000000e+00 
975, -2.077077e-01, -4.548152e-01, 8.571923e-01, 0.000000e+00 
976, -3.274292e-01, -3.778750e-01, 8.571923e-01, 0.000000e+00 
977, -4.206251e-01, -2.703223e-01, 8.571924e-01, 0.000000e+00 
978, -4.797454e-01, -1.408696e-01, 8.571926e-01, 0.000000e+00 
979, -4.797449e-01, 1.408714e-01, 7.143755e-01, 0.000000e+00 
980, -4.206239e-01, 2.703245e-01, 7.143754e-01, 0.000000e+00 
981, -3.274284e-01, 3.778759e-01, 7.143752e-01, 0.000000e+00 
982, -2.077084e-01, 4.548151e-01, 7.143752e-01, 0.000000e+00 
983, -7.116155e-02, 4.949098e-01, 7.143753e-01, 0.000000e+00 
984, 7.115164e-02, 4.949115e-01, 7.143755e-01, 0.000000e+00 
985, 2.077060e-01, 4.548167e-01, 7.143755e-01, 0.000000e+00 
986, 3.274327e-01, 3.778727e-01, 7.143755e-01, 0.000000e+00 
987, 4.206297e-01, 2.703157e-01, 7.143754e-01, 0.000000e+00 
988, 4.797471e-01, 1.408630e-01, 7.143753e-01, 0.000000e+00 
989, 4.999995e-01, 0.000000e+00, 7.143752e-01, 0.000000e+00 
990, 4.797471e-01, -1.408630e-01, 7.143753e-01, 0.000000e+00 
991, 4.206297e-01, -2.703157e-01, 7.143754e-01, 0.000000e+00 
992, 3.274327e-01, -3.778727e-01, 7.143755e-01, 0.000000e+00 
993, 2.077060e-01, -4.548167e-01, 7.143755e-01, 0.000000e+00 
994, 7.115164e-02, -4.949115e-01, 7.143755e-01, 0.000000e+00 
995, -7.116155e-02, -4.949098e-01, 7.143753e-01, 0.000000e+00 
996, -2.077084e-01, -4.548151e-01, 7.143752e-01, 0.000000e+00 
997, -3.274284e-01, -3.778759e-01, 7.143752e-01, 0.000000e+00 
998, -4.206239e-01, -2.703245e-01, 7.143754e-01, 0.000000e+00 
999, -4.797449e-01, -1.408714e-01, 7.143755e-01, 0.000000e+00 
1000, -4.797454e-01, 1.408697e-01, 5.715405e-01, 0.000000e+00 
1001, -4.206231e-01, 2.703259e-01, 5.715405e-01, 0.000000e+00 
1002, -3.274277e-01, 3.778767e-01, 5.715404e-01, 0.000000e+00 
1003, -2.077089e-01, 4.548150e-01, 5.715404e-01, 0.000000e+00 
1004, -7.116314e-02, 4.949098e-01, 5.715405e-01, 0.000000e+00 
1005, 7.115224e-02, 4.949114e-01, 5.715405e-01, 0.000000e+00 
1006, 2.077063e-01, 4.548165e-01, 5.715405e-01, 0.000000e+00 
1007, 3.274321e-01, 3.778732e-01, 5.715405e-01, 0.000000e+00 
1008, 4.206305e-01, 2.703146e-01, 5.715406e-01, 0.000000e+00 
1009, 4.797476e-01, 1.408618e-01, 5.715404e-01, 0.000000e+00 
1010, 4.999997e-01, 0.000000e+00, 5.715404e-01, 0.000000e+00 
1011, 4.797476e-01, -1.408618e-01, 5.715404e-01, 0.000000e+00 
1012, 4.206305e-01, -2.703146e-01, 5.715405e-01, 0.000000e+00 
1013, 3.274321e-01, -3.778732e-01, 5.715405e-01, 0.000000e+00 
1014, 2.077063e-01, -4.548165e-01, 5.715405e-01, 0.000000e+00 
1015, 7.115224e-02, -4.949114e-01, 5.715405e-01, 0.000000e+00 
1016, -7.116314e-02, -4.949098e-01, 5.715405e-01, 0.000000e+00 
1017, -2.077089e-01, -4.548150e-01, 5.715404e-01, 0.000000e+00 
1018, -3.274277e-01, -3.778767e-01, 5.715404e-01, 0.000000e+00 
1019, -4.206231e-01, -2.703259e-01, 5.715405e-01, 0.000000e+00 
1020, -4.797454e-01, -1.408697e-01, 5.715405e-01, 0.000000e+00 
1021, -4.797457e-01, 1.408687e-01, 4.286834e-01, 0.000000e+00 
1022, -4.206233e-01, 2.703257e-01, 4.286834e-01, 0.000000e+00 
1023, -3.274273e-01, 3.778773e-01, 4.286833e-01, 0.000000e+00 
1024, -2.077093e-01, 4.548150e-01, 4.286833e-01, 0.000000e+00 
1025, -7.116389e-02, 4.949097e-01, 4.286834e-01, 0.000000e+00 
1026, 7.115400e-02, 4.949112e-01, 4.286834e-01, 0.000000e+00 
1027, 2.077066e-01, 4.548164e-01, 4.286834e-01, 0.000000e+00 
1028, 3.274317e-01, 3.778736e-01, 4.286834e-01, 0.000000e+00 
1029, 4.206292e-01, 2.703165e-01, 4.286834e-01, 0.000000e+00 
1030, 4.797479e-01, 1.408610e-01, 4.286833e-01, 0.000000e+00 
1031, 4.999998e-01, 0.000000e+00, 4.286833e-01, 0.000000e+00 
1032, 4.797479e-01, -1.408610e-01, 4.286833e-01, 0.000000e+00 
1033, 4.206292e-01, -2.703165e-01, 4.286834e-01, 0.000000e+00 
1034, 3.274317e-01, -3.778736e-01, 4.286834e-01, 0.000000e+00 
1035, 2.077066e-01, -4.548164e-01, 4.286834e-01, 0.000000e+00 
1036, 7.115400e-02, -4.949112e-01, 4.286834e-01, 0.000000e+00 
1037, -7.116389e-02, -4.949097e-01, 4.286834e-01, 0.000000e+00 
1038, -2.077093e-01, -4.548150e-01, 4.286833e-01, 0.000000e+00 
1039, -3.274273e-01, -3.778773e-01, 4.286833e-01, 0.000000e+00 
1040, -4.206233e-01, -2.703257e-01, 4.286834e-01, 0.000000e+00 
1041, -4.797457e-01, -1.408687e-01, 4.286834e-01, 0.000000e+00 
1042, -4.797459e-01, 1.408680e-01, 2.858041e-01, 0.000000e+00 
1043, -4.206248e-01, 2.703234e-01, 2.858040e-01, 0.000000e+00 
1044, -3.274271e-01, 3.778775e-01, 2.858040e-01, 0.000000e+00 
1045, -2.077096e-01, 4.548150e-01, 2.858040e-01, 0.000000e+00 
1046, -7.116188e-02, 4.949100e-01, 2.858040e-01, 0.000000e+00 
1047, 7.115514e-02, 4.949110e-01, 2.858040e-01, 0.000000e+00 
1048, 2.077069e-01, 4.548163e-01, 2.858041e-01, 0.000000e+00 
1049, 3.274313e-01, 3.778739e-01, 2.858041e-01, 0.000000e+00 
1050, 4.206283e-01, 2.703180e-01, 2.858040e-01, 0.000000e+00 
1051, 4.797480e-01, 1.408609e-01, 2.858041e-01, 0.000000e+00 
1052, 4.999999e-01, 0.000000e+00, 2.858040e-01, 0.000000e+00 
1053, 4.797480e-01, -1.408609e-01, 2.858041e-01, 0.000000e+00 
1054, 4.206283e-01, -2.703180e-01, 2.858040e-01, 0.000000e+00 
1055, 3.274313e-01, -3.778739e-01, 2.858041e-01, 0.000000e+00 
1056, 2.077069e-01, -4.548163e-01, 2.858041e-01, 0.000000e+00 
1057, 7.115514e-02, -4.949110e-01, 2.858040e-01, 0.000000e+00 
1058, -7.116188e-02, -4.949100e-01, 2.858040e-01, 0.000000e+00 
1059, -2.077096e-01, -4.548150e-01, 2.858040e-01, 0.000000e+00 
1060, -3.274271e-01, -3.778775e-01, 2.858040e-01, 0.000000e+00 
1061, -4.206248e-01, -2.703234e-01, 2.858040e-01, 0.000000e+00 
1062, -4.797459e-01, -1.408680e-01, 2.858041e-01, 0.000000e+00 
1063, -4.797462e-01, 1.408672e-01, 1.429069e-01, 0.000000e+00 
1064, -4.206257e-01, 2.703219e-01, 1.429069e-01, 0.000000e+00 
1065, -3.274280e-01, 3.778768e-01, 1.429069e-01, 0.000000e+00 
1066, -2.077097e-01, 4.548150e-01, 1.429069e-01, 0.000000e+00 
1067, -7.115955e-02, 4.949104e-01, 1.429069e-01, 0.000000e+00 
1068, 7.115617e-02, 4.949109e-01, 1.429069e-01, 0.000000e+00 
1069, 2.077072e-01, 4.548162e-01, 1.429070e-01, 0.000000e+00 
1070, 3.274309e-01, 3.778743e-01, 1.429070e-01, 0.000000e+00 
1071, 4.206276e-01, 2.703191e-01, 1.429069e-01, 0.000000e+00 
1072, 4.797472e-01, 1.408638e-01, 1.429069e-01, 0.000000e+00 
1073, 5.000000e-01, 0.000000e+00, 1.429069e-01, 0.000000e+00 
1074, 4.797472e-01, -1.408638e-01, 1.429069e-01, 0.000000e+00 
1075, 4.206276e-01, -2.703191e-01, 1.429069e-01, 0.000000e+00 
1076, 3.274309e-01, -3.778743e-01, 1.429070e-01, 0.000000e+00 
1077, 2.077072e-01, -4.548162e-01, 1.429070e-01, 0.000000e+00 
1078, 7.115617e-02, -4.949109e-01, 1.429069e-01, 0.000000e+00 
1079, -7.115955e-02, -4.949104e-01, 1.429069e-01, 0.000000e+00 
1080, -2.077097e-01, -4.548150e-01, 1.429069e-01, 0.000000e+00 
1081, -3.274280e-01, -3.778768e-01, 1.429069e-01, 0.000000e+00 
1082, -4.206257e-01, -2.703219e-01, 1.429069e-01, 0.000000e+00 
1083, -4.797462e-01, -1.408672e-01, 1.429069e-01, 0.000000e+00 
719, -3.768832e-01, 5.921824e-01, 7.207579e-01, 0.000000e+00 
720, -5.517554e-01, 4.707076e-01, 6.082907e-01, 0.000000e+00 
721, -5.274264e-01, 4.606427e-01, 8.423897e-01, 0.000000e+00 
722, -5.984336e-01, 2.811465e-01, 7.017938e-01, 0.000000e+00 
723, 3.756491e-01, -6.696235e-01, 8.455619e-01, 0.000000e+00 
724, 4.143503e-01, -6.107480e-01, 6.386092e-01, 0.000000e+00 
725, 5.498999e-01, -4.589852e-01, 7.131904e-01, 0.000000e+00 
726, 1.958699e-01, -6.943788e-01, 7.189200e-01, 0.000000e+00 
727, -2.132268e-01, 6.759758e-01, 5.120181e-01, 0.000000e+00 
728, 4.875071e-01, 4.407360e-01, 7.234630e-01, 0.000000e+00 
729, 3.646865e-01, 5.784677e-01, 8.182388e-01, 0.000000e+00 
730, 1.937913e-01, 6.681560e-01, 7.200471e-01, 0.000000e+00 
731, 4.344777e-01, 6.471999e-01, 6.366751e-01, 0.000000e+00 
732, -7.227499e-01, 1.221925e-01, 5.094438e-01, 0.000000e+00 
733, -6.750354e-01, 1.072532e-01, 2.696611e-01, 0.000000e+00 
734, -6.705896e-01, -9.463976e-02, 2.995174e-01, 0.000000e+00 
735, -3.725107e-01, -5.913049e-01, 2.914515e-01, 0.000000e+00 
736, -5.394645e-01, -4.471922e-01, 1.240854e-01, 0.000000e+00 
737, -6.754626e-01, -3.080348e-01, 7.129308e-01, 0.000000e+00 
738, -5.431303e-01, -4.625117e-01, 8.613959e-01, 0.000000e+00 
739, -5.237369e-01, -4.862981e-01, 5.999120e-01, 0.000000e+00 
740, -3.664484e-01, -5.757491e-01, 6.901868e-01, 0.000000e+00 
741, 1.847875e-02, 6.686024e-01, 2.676671e-01, 0.000000e+00 
742, -1.931110e-01, 6.476886e-01, 2.675063e-01, 0.000000e+00 
743, 5.702479e-03, 7.085470e-01, 4.913355e-01, 0.000000e+00 
744, 6.399855e-01, -8.364529e-02, 2.692596e-01, 0.000000e+00 
745, 3.886298e-01, -6.074433e-01, 3.357741e-01, 0.000000e+00 
746, 3.803225e-01, -6.680108e-01, 1.425712e-01, 0.000000e+00 
747, 1.932055e-01, -6.720872e-01, 2.671696e-01, 0.000000e+00 
748, 5.222945e-01, -4.604572e-01, 2.923762e-01, 0.000000e+00 
749, -5.400251e-01, 4.519722e-01, 3.723249e-01, 0.000000e+00 
750, -3.590528e-01, 5.431127e-01, 2.690285e-01, 0.000000e+00 
751, -5.400469e-01, 4.523523e-01, 1.434132e-01, 0.000000e+00 
752, -3.995973e-01, 6.217824e-01, 4.986105e-01, 0.000000e+00 
753, 5.210905e-01, 4.570576e-01, 2.740725e-01, 0.000000e+00 
754, 3.938488e-01, 6.188733e-01, 3.454723e-01, 0.000000e+00 
755, 3.840247e-01, 5.997650e-01, 1.452541e-01, 0.000000e+00 
756, -3.190854e-03, 6.537795e-01, 7.129355e-01, 0.000000e+00 
757, -1.851787e-01, -6.673972e-01, 7.177892e-01, 0.000000e+00 
758, 5.686225e-01, 5.004106e-01, 5.043992e-01, 0.000000e+00 
759, 1.912831e-01, 6.815433e-01, 2.611961e-01, 0.000000e+00 
760, 5.998602e-01, 2.842526e-01, 7.204520e-01, 0.000000e+00 
761, -6.571499e-01, 2.847669e-01, 2.572877e-01, 0.000000e+00 
762, 5.712680e-01, -4.591556e-01, 4.777230e-01, 0.000000e+00 
763, 6.730403e-01, -3.115226e-01, 5.023973e-01, 0.000000e+00 
764, -4.992367e-01, -4.782424e-01, 3.263488e-01, 0.000000e+00 
765, -6.172079e-01, -3.078958e-01, 2.686833e-01, 0.000000e+00 
766, -7.796828e-01, -1.108532e-01, 5.087989e-01, 0.000000e+00 
767, -6.459245e-01, 9.611757e-02, 7.270072e-01, 0.000000e+00 
768, -7.021466e-01, -9.660102e-02, 7.351472e-01, 0.000000e+00 
769, -6.719253e-01, 2.910860e-01, 4.911330e-01, 0.000000e+00 
770, 6.907110e-02, -6.528419e-01, 8.416399e-01, 0.000000e+00 
771, 2.492038e-01, 7.166696e-01, 4.846592e-01, 0.000000e+00 
772, -2.032606e-01, 6.410413e-01, 7.235493e-01, 0.000000e+00 
773, 7.262116e-01, 9.489099e-02, 5.095465e-01, 0.000000e+00 
774, 7.279028e-01, -9.569661e-02, 5.100390e-01, 0.000000e+00 
775, 7.002188e-01, -9.699099e-02, 7.387208e-01, 0.000000e+00 
776, 6.389049e-01, -2.741281e-01, 7.314198e-01, 0.000000e+00 
777, 5.892241e-01, -2.889128e-01, 2.687104e-01, 0.000000e+00 
778, 6.810887e-01, 9.941400e-02, 2.640528e-01, 0.000000e+00 
779, 6.348194e-01, 2.679827e-01, 5.152775e-01, 0.000000e+00 
780, 6.234572e-01, 2.952444e-01, 2.721345e-01, 0.000000e+00 
781, -1.943394e-01, -6.365008e-01, 2.773554e-01, 0.000000e+00 
782, 2.758100e-02, -6.629115e-01, 2.934779e-01, 0.000000e+00 
783, -2.162212e-01, -7.117330e-01, 5.020412e-01, 0.000000e+00 
784, 1.584702e-02, -6.322743e-01, 5.209975e-01, 0.000000e+00 
785, 6.503657e-01, 8.443161e-02, 7.417306e-01, 0.000000e+00 
786, -6.748640e-01, -3.311843e-01, 5.137334e-01, 0.000000e+00 
787, -3.827429e-01, -5.945198e-01, 4.995753e-01, 0.000000e+00 
788, 2.712913e-01, -7.776295e-01, 4.876068e-01, 0.000000e+00 
715, -5.000000e-01, 0.000000e+00, 2.000000e+00, 0.000000e+00 
603, -4.797463e-01, -1.408662e-01, 2.000000e+00, 0.000000e+00 
604, -4.206264e-01, -2.703202e-01, 2.000000e+00, 0.000000e+00 
605, -3.274299e-01, -3.778743e-01, 2.000000e+00, 0.000000e+00 
606, -2.077072e-01, -4.548154e-01, 2.000000e+00, 0.000000e+00 
607, -7.115736e-02, -4.949102e-01, 2.000000e+00, 0.000000e+00 
608, 7.115736e-02, -4.949105e-01, 2.000000e+00, 0.000000e+00 
609, 2.077075e-01, -4.548160e-01, 2.000000e+00, 0.000000e+00 
610, 3.274303e-01, -3.778747e-01, 2.000000e+00, 0.000000e+00 
611, 4.206265e-01, -2.703202e-01, 2.000000e+00, 0.000000e+00 
612, 4.797459e-01, -1.408661e-01, 2.000000e+00, 0.000000e+00 
613, 4.999993e-01, 0.000000e+00, 2.000000e+00, 0.000000e+00 
614, 4.797459e-01, 1.408661e-01, 2.000000e+00, 0.000000e+00 
615, 4.206265e-01, 2.703202e-01, 2.000000e+00, 0.000000e+00 
616, 3.274303e-01, 3.778747e-01, 2.000000e+00, 0.000000e+00 
617, 2.077075e-01, 4.548160e-01, 2.000000e+00, 0.000000e+00 
618, 7.115736e-02, 4.949105e-01, 2.000000e+00, 0.000000e+00 
619, -7.115736e-02, 4.949102e-01, 2.000000e+00, 0.000000e+00 
620, -2.077072e-01, 4.548154e-01, 2.000000e+00, 0.000000e+00 
621, -3.274299e-01, 3.778743e-01, 2.000000e+00, 0.000000e+00 
622, -4.206264e-01, 2.703202e-01, 2.000000e+00, 0.000000e+00 
623, -4.797463e-01, 1.408662e-01, 2.000000e+00, 0.000000e+00 
664, 9.795299e-01, 2.012985e-01, 2.000000e+00, 0.000000e+00 
665, 9.189576e-01, 3.943558e-01, 2.000000e+00, 0.000000e+00 
666, 8.207632e-01, 5.712680e-01, 2.000000e+00, 0.000000e+00 
667, 6.889667e-01, 7.247925e-01, 2.000000e+00, 0.000000e+00 
668, 5.289638e-01, 8.486440e-01, 2.000000e+00, 0.000000e+00 
669, 3.473052e-01, 9.377519e-01, 2.000000e+00, 0.000000e+00 
670, 1.514278e-01, 9.884683e-01, 2.000000e+00, 0.000000e+00 
671, -5.064917e-02, 9.987165e-01, 2.000000e+00, 0.000000e+00 
672, -2.506525e-01, 9.680770e-01, 2.000000e+00, 0.000000e+00 
673, -4.403940e-01, 8.978043e-01, 2.000000e+00, 0.000000e+00 
674, -6.121058e-01, 7.907755e-01, 2.000000e+00, 0.000000e+00 
675, -7.587578e-01, 6.513722e-01, 2.000000e+00, 0.000000e+00 
676, -8.743464e-01, 4.853018e-01, 2.000000e+00, 0.000000e+00 
677, -9.541391e-01, 2.993631e-01, 2.000000e+00, 0.000000e+00 
678, -9.948693e-01, 1.011683e-01, 2.000000e+00, 0.000000e+00 
679, -9.948693e-01, -1.011683e-01, 2.000000e+00, 0.000000e+00 
680, -9.541391e-01, -2.993631e-01, 2.000000e+00, 0.000000e+00 
681, -8.743464e-01, -4.853018e-01, 2.000000e+00, 0.000000e+00 
682, -7.587578e-01, -6.513722e-01, 2.000000e+00, 0.000000e+00 
683, -6.121058e-01, -7.907755e-01, 2.000000e+00, 0.000000e+00 
684, -4.403940e-01, -8.978043e-01, 2.000000e+00, 0.000000e+00 
685, -2.506525e-01, -9.680770e-01, 2.000000e+00, 0.000000e+00 
686, -5.064917e-02, -9.987165e-01, 2.000000e+00, 0.000000e+00 
687, 1.514278e-01, -9.884683e-01, 2.000000e+00, 0.000000e+00 
688, 3.473052e-01, -9.377519e-01, 2.000000e+00, 0.000000e+00 
689, 5.289638e-01, -8.486440e-01, 2.000000e+00, 0.000000e+00 
690, 6.889667e-01, -7.247925e-01, 2.000000e+00, 0.000000e+00 
691, 8.207632e-01, -5.712680e-01, 2.000000e+00, 0.000000e+00 
692, 9.189576e-01, -3.943558e-01, 2.000000e+00, 0.000000e+00 
693, 9.795299e-01, -2.012985e-01, 2.000000e+00, 0.000000e+00 
1449, 9.795281e-01, -2.013068e-01, 1.200000e+00, 0.000000e+00 
1450, 9.189542e-01, -3.943637e-01, 1.200000e+00, 0.000000e+00 
1451, 8.207612e-01, -5.712708e-01, 1.200000e+00, 0.000000e+00 
1452, 6.889696e-01, -7.247897e-01, 1.200000e+00, 0.000000e+00 
1453, 5.289727e-01, -8.486385e-01, 1.200000e+00, 0.000000e+00 
1454, 3.473158e-01, -9.377481e-01, 1.200000e+00, 0.000000e+00 
1455, 1.514340e-01, -9.884673e-01, 1.200000e+00, 0.000000e+00 
1456, -5.065224e-02, -9.987164e-01, 1.200000e+00, 0.000000e+00 
1457, -2.506614e-01, -9.680747e-01, 1.200000e+00, 0.000000e+00 
1458, -4.404009e-01, -8.978009e-01, 1.200000e+00, 0.000000e+00 
1459, -6.121070e-01, -7.907744e-01, 1.200000e+00, 0.000000e+00 
1460, -7.587540e-01, -6.513767e-01, 1.200000e+00, 0.000000e+00 
1461, -8.743409e-01, -4.853118e-01, 1.200000e+00, 0.000000e+00 
1462, -9.541362e-01, -2.993725e-01, 1.200000e+00, 0.000000e+00 
1463, -9.948688e-01, -1.011732e-01, 1.200000e+00, 0.000000e+00 
1464, -9.948687e-01, 1.011738e-01, 1.200000e+00, 0.000000e+00 
1465, -9.541363e-01, 2.993721e-01, 1.200000e+00, 0.000000e+00 
1466, -8.743432e-01, 4.853075e-01, 1.200000e+00, 0.000000e+00 
1467, -7.587580e-01, 6.513720e-01, 1.200000e+00, 0.000000e+00 
1468, -6.121118e-01, 7.907708e-01, 1.200000e+00, 0.000000e+00 
1469, -4.404047e-01, 8.977991e-01, 1.200000e+00, 0.000000e+00 
1470, -2.506607e-01, 9.680748e-01, 1.200000e+00, 0.000000e+00 
1471, -5.065205e-02, 9.987164e-01, 1.200000e+00, 0.000000e+00 
1472, 1.514350e-01, 9.884672e-01, 1.200000e+00, 0.000000e+00 
1473, 3.473138e-01, 9.377487e-01, 1.200000e+00, 0.000000e+00 
1474, 5.289681e-01, 8.486413e-01, 1.200000e+00, 0.000000e+00 
1475, 6.889651e-01, 7.247940e-01, 1.200000e+00, 0.000000e+00 
1476, 8.207580e-01, 5.712755e-01, 1.200000e+00, 0.000000e+00 
1477, 9.189530e-01, 3.943667e-01, 1.200000e+00, 0.000000e+00 
1478, 9.795283e-01, 2.013057e-01, 1.200000e+00, 0.000000e+00 
1479, 9.795283e-01, -2.013061e-01, 1.400000e+00, 0.000000e+00 
1480, 9.189550e-01, -3.943616e-01, 1.400000e+00, 0.000000e+00 
1481, 8.207629e-01, -5.712683e-01, 1.399999e+00, 0.000000e+00 
1482, 6.889704e-01, -7.247890e-01, 1.400000e+00, 0.000000e+00 
1483, 5.289676e-01, -8.486416e-01, 1.400000e+00, 0.000000e+00 
1484, 3.473111e-01, -9.377496e-01, 1.400000e+00, 0.000000e+00 
1485, 1.514340e-01, -9.884673e-01, 1.400000e+00, 0.000000e+00 
1486, -5.065218e-02, -9.987164e-01, 1.400000e+00, 0.000000e+00 
1487, -2.506603e-01, -9.680749e-01, 1.400000e+00, 0.000000e+00 
1488, -4.403986e-01, -8.978020e-01, 1.400000e+00, 0.000000e+00 
1489, -6.121047e-01, -7.907762e-01, 1.399999e+00, 0.000000e+00 
1490, -7.587542e-01, -6.513765e-01, 1.400000e+00, 0.000000e+00 
1491, -8.743441e-01, -4.853058e-01, 1.400000e+00, 0.000000e+00 
1492, -9.541370e-01, -2.993696e-01, 1.400000e+00, 0.000000e+00 
1493, -9.948688e-01, -1.011733e-01, 1.400000e+00, 0.000000e+00 
1494, -9.948687e-01, 1.011736e-01, 1.400000e+00, 0.000000e+00 
1495, -9.541367e-01, 2.993706e-01, 1.400000e+00, 0.000000e+00 
1496, -8.743446e-01, 4.853049e-01, 1.400000e+00, 0.000000e+00 
1497, -7.587597e-01, 6.513701e-01, 1.399999e+00, 0.000000e+00 
1498, -6.121101e-01, 7.907721e-01, 1.400000e+00, 0.000000e+00 
1499, -4.403985e-01, 8.978020e-01, 1.400000e+00, 0.000000e+00 
1500, -2.506593e-01, 9.680751e-01, 1.400000e+00, 0.000000e+00 
1501, -5.065211e-02, 9.987164e-01, 1.400000e+00, 0.000000e+00 
1502, 1.514345e-01, 9.884672e-01, 1.400000e+00, 0.000000e+00 
1503, 3.473120e-01, 9.377493e-01, 1.400000e+00, 0.000000e+00 
1504, 5.289655e-01, 8.486429e-01, 1.399999e+00, 0.000000e+00 
1505, 6.889637e-01, 7.247954e-01, 1.399999e+00, 0.000000e+00 
1506, 8.207604e-01, 5.712719e-01, 1.400000e+00, 0.000000e+00 
1507, 9.189553e-01, 3.943609e-01, 1.400000e+00, 0.000000e+00 
1508, 9.795284e-01, 2.013053e-01, 1.400000e+00, 0.000000e+00 
1509, 9.795284e-01, -2.013053e-01, 1.600000e+00, 0.000000e+00 
1510, 9.189553e-01, -3.943609e-01, 1.600000e+00, 0.000000e+00 
1511, 8.207604e-01, -5.712719e-01, 1.600000e+00, 0.000000e+00 
1512, 6.889637e-01, -7.247954e-01, 1.600001e+00, 0.000000e+00 
1513, 5.289655e-01, -8.486429e-01, 1.600001e+00, 0.000000e+00 
1514, 3.473120e-01, -9.377493e-01, 1.600000e+00, 0.000000e+00 
1515, 1.514345e-01, -9.884672e-01, 1.600000e+00, 0.000000e+00 
1516, -5.065211e-02, -9.987164e-01, 1.600000e+00, 0.000000e+00 
1517, -2.506593e-01, -9.680751e-01, 1.600000e+00, 0.000000e+00 
1518, -4.403985e-01, -8.978020e-01, 1.600000e+00, 0.000000e+00 
1519, -6.121101e-01, -7.907721e-01, 1.600000e+00, 0.000000e+00 
1520, -7.587597e-01, -6.513701e-01, 1.600001e+00, 0.000000e+00 
1521, -8.743446e-01, -4.853049e-01, 1.600000e+00, 0.000000e+00 
1522, -9.541367e-01, -2.993706e-01, 1.600000e+00, 0.000000e+00 
1523, -9.948687e-01, -1.011736e-01, 1.600000e+00, 0.000000e+00 
1524, -9.948688e-01, 1.011733e-01, 1.600000e+00, 0.000000e+00 
1525, -9.541370e-01, 2.993696e-01, 1.600000e+00, 0.000000e+00 
1526, -8.743441e-01, 4.853058e-01, 1.600000e+00, 0.000000e+00 
1527, -7.587542e-01, 6.513765e-01, 1.600000e+00, 0.000000e+00 
1528, -6.121047e-01, 7.907762e-01, 1.600001e+00, 0.000000e+00 
1529, -4.403986e-01, 8.978020e-01, 1.600000e+00, 0.000000e+00 
1530, -2.506603e-01, 9.680749e-01, 1.600000e+00, 0.000000e+00 
1531, -5.065218e-02, 9.987164e-01, 1.600000e+00, 0.000000e+00 
1532, 1.514340e-01, 9.884673e-01, 1.600000e+00, 0.000000e+00 
1533, 3.473111e-01, 9.377496e-01, 1.600000e+00, 0.000000e+00 
1534, 5.289676e-01, 8.486416e-01, 1.600000e+00, 0.000000e+00 
1535, 6.889704e-01, 7.247890e-01, 1.600000e+00, 0.000000e+00 
1536, 8.207629e-01, 5.712683e-01, 1.600001e+00, 0.000000e+00 
1537, 9.189550e-01, 3.943616e-01, 1.600000e+00, 0.000000e+00 
1538, 9.795283e-01, 2.013061e-01, 1.600000e+00, 0.000000e+00 
1539, 9.795283e-01, -2.013057e-01, 1.800000e+00, 0.000000e+00 
1540, 9.189530e-01, -3.943667e-01, 1.800000e+00, 0.000000e+00 
1541, 8.207580e-01, -5.712755e-01, 1.800000e+00, 0.000000e+00 
1542, 6.889651e-01, -7.247940e-01, 1.800000e+00, 0.000000e+00 
1543, 5.289681e-01, -8.486413e-01, 1.800000e+00, 0.000000e+00 
1544, 3.473138e-01, -9.377487e-01, 1.800000e+00, 0.000000e+00 
1545, 1.514350e-01, -9.884672e-01, 1.800000e+00, 0.000000e+00 
1546, -5.065205e-02, -9.987164e-01, 1.800000e+00, 0.000000e+00 
1547, -2.506607e-01, -9.680748e-01, 1.800000e+00, 0.000000e+00 
1548, -4.404047e-01, -8.977991e-01, 1.800000e+00, 0.000000e+00 
1549, -6.121118e-01, -7.907708e-01, 1.800000e+00, 0.000000e+00 
1550, -7.587580e-01, -6.513720e-01, 1.800000e+00, 0.000000e+00 
1551, -8.743432e-01, -4.853075e-01, 1.800000e+00, 0.000000e+00 
1552, -9.541363e-01, -2.993721e-01, 1.800000e+00, 0.000000e+00 
1553, -9.948687e-01, -1.011738e-01, 1.800000e+00, 0.000000e+00 
1554, -9.948688e-01, 1.011732e-01, 1.800000e+00, 0.000000e+00 
1555, -9.541362e-01, 2.993725e-01, 1.800000e+00, 0.000000e+00 
1556, -8.743409e-01, 4.853118e-01, 1.800000e+00, 0.000000e+00 
1557, -7.587540e-01, 6.513767e-01, 1.800000e+00, 0.000000e+00 
1558, -6.121070e-01, 7.907744e-01, 1.800000e+00, 0.000000e+00 
1559, -4.404009e-01, 8.978009e-01, 1.800000e+00, 0.000000e+00 
1560, -2.506614e-01, 9.680747e-01, 1.800000e+00, 0.000000e+00 
1561, -5.065224e-02, 9.987164e-01, 1.800000e+00, 0.000000e+00 
1562, 1.514340e-01, 9.884673e-01, 1.800000e+00, 0.000000e+00 
1563, 3.473158e-01, 9.377481e-01, 1.800000e+00, 0.000000e+00 
1564, 5.289727e-01, 8.486385e-01, 1.800000e+00, 0.000000e+00 
1565, 6.889696e-01, 7.247897e-01, 1.800000e+00, 0.000000e+00 
1566, 8.207612e-01, 5.712708e-01, 1.800000e+00, 0.000000e+00 
1567, 9.189542e-01, 3.943637e-01, 1.800000e+00, 0.000000e+00 
1568, 9.795281e-01, 2.013068e-01, 1.800000e+00, 0.000000e+00 
259, -6.762427e-01, 4.603220e-01, 2.000000e+00, 0.000000e+00 
260, -4.874095e-01, 4.177132e-01, 2.000000e+00, 0.000000e+00 
261, 3.420077e-01, -5.440253e-01, 2.000000e+00, 0.000000e+00 
262, 3.541557e-01, -7.380946e-01, 2.000000e+00, 0.000000e+00 
263, -4.852010e-01, -4.210792e-01, 2.000000e+00, 0.000000e+00 
264, -5.567653e-01, -6.003974e-01, 2.000000e+00, 0.000000e+00 
265, -6.373597e-01, 8.032373e-02, 2.000000e+00, 0.000000e+00 
266, -8.061119e-01, -1.193545e-02, 2.000000e+00, 0.000000e+00 
267, -7.979360e-01, 1.794873e-01, 2.000000e+00, 0.000000e+00 
268, -6.113694e-01, 2.696893e-01, 2.000000e+00, 0.000000e+00 
269, -7.832413e-01, 3.391072e-01, 2.000000e+00, 0.000000e+00 
270, -6.717014e-01, -4.454059e-01, 2.000000e+00, 0.000000e+00 
271, -6.289401e-01, -9.625074e-02, 2.000000e+00, 0.000000e+00 
272, -7.840014e-01, -2.434953e-01, 2.000000e+00, 0.000000e+00 
273, -5.763629e-01, -2.689633e-01, 2.000000e+00, 0.000000e+00 
274, -3.005606e-01, -7.650359e-01, 2.000000e+00, 0.000000e+00 
275, -1.773844e-01, -6.219087e-01, 2.000000e+00, 0.000000e+00 
276, -1.209598e-01, -8.022728e-01, 2.000000e+00, 0.000000e+00 
277, -1.028547e-02, -6.460785e-01, 2.000000e+00, 0.000000e+00 
278, 1.777362e-01, -6.455292e-01, 2.000000e+00, 0.000000e+00 
279, 6.065260e-02, -8.176074e-01, 2.000000e+00, 0.000000e+00 
280, 2.184672e-01, -8.259644e-01, 2.000000e+00, 0.000000e+00 
281, -3.582133e-01, -5.659644e-01, 2.000000e+00, 0.000000e+00 
282, -4.539335e-01, -7.245116e-01, 2.000000e+00, 0.000000e+00 
283, 7.795908e-01, 2.514376e-01, 2.000000e+00, 0.000000e+00 
284, 5.823632e-01, 2.719415e-01, 2.000000e+00, 0.000000e+00 
285, -1.320709e-01, 7.959033e-01, 2.000000e+00, 0.000000e+00 
286, -1.452645e-02, 6.419575e-01, 2.000000e+00, 0.000000e+00 
287, -5.405837e-01, 5.973626e-01, 2.000000e+00, 0.000000e+00 
288, -1.873954e-01, 6.079677e-01, 2.000000e+00, 0.000000e+00 
289, -3.579954e-01, 7.386915e-01, 2.000000e+00, 0.000000e+00 
290, -3.504845e-01, 5.305686e-01, 2.000000e+00, 0.000000e+00 
291, 6.805180e-01, 4.645043e-01, 2.000000e+00, 0.000000e+00 
292, 5.788249e-02, 8.160385e-01, 2.000000e+00, 0.000000e+00 
293, 3.542174e-01, 7.376753e-01, 2.000000e+00, 0.000000e+00 
294, 3.423424e-01, 5.431103e-01, 2.000000e+00, 0.000000e+00 
295, 1.767110e-01, 6.443496e-01, 2.000000e+00, 0.000000e+00 
296, 2.177442e-01, 8.253374e-01, 2.000000e+00, 0.000000e+00 
297, 5.106928e-01, 6.240869e-01, 2.000000e+00, 0.000000e+00 
298, 4.757056e-01, 4.242202e-01, 2.000000e+00, 0.000000e+00 
299, 5.747935e-01, -2.750410e-01, 2.000000e+00, 0.000000e+00 
300, 6.775582e-01, -4.650814e-01, 2.000000e+00, 0.000000e+00 
301, 5.098753e-01, -6.245777e-01, 2.000000e+00, 0.000000e+00 
302, 4.737380e-01, -4.247950e-01, 2.000000e+00, 0.000000e+00 
303, 7.668375e-01, -2.497180e-01, 2.000000e+00, 0.000000e+00 
304, 6.327950e-01, -1.078225e-01, 2.000000e+00, 0.000000e+00 
305, 6.622371e-01, 8.373257e-02, 2.000000e+00, 0.000000e+00 
306, 8.147925e-01, -6.373799e-02, 2.000000e+00, 0.000000e+00 
307, 8.477643e-01, 9.458972e-02, 2.000000e+00, 0.000000e+00 
1323, -4.797428e-01, -1.408783e-01, 1.142857e+00, 0.000000e+00 
1324, -4.206175e-01, -2.703342e-01, 1.142857e+00, 0.000000e+00 
1325, -3.274226e-01, -3.778807e-01, 1.142857e+00, 0.000000e+00 
1326, -2.077082e-01, -4.548149e-01, 1.142857e+00, 0.000000e+00 
1327, -7.116778e-02, -4.949087e-01, 1.142857e+00, 0.000000e+00 
1328, 7.114377e-02, -4.949124e-01, 1.142857e+00, 0.000000e+00 
1329, 2.077021e-01, -4.548184e-01, 1.142857e+00, 0.000000e+00 
1330, 3.274371e-01, -3.778688e-01, 1.142857e+00, 0.000000e+00 
1331, 4.206357e-01, -2.703060e-01, 1.142857e+00, 0.000000e+00 
1332, 4.797495e-01, -1.408539e-01, 1.142857e+00, 0.000000e+00 
1333, 4.999993e-01, 2.602194e-06, 1.142857e+00, 0.000000e+00 
1334, 4.797481e-01, 1.408586e-01, 1.142857e+00, 0.000000e+00 
1335, 4.206338e-01, 2.703087e-01, 1.142857e+00, 0.000000e+00 
1336, 3.274379e-01, 3.778681e-01, 1.142857e+00, 0.000000e+00 
1337, 2.077026e-01, 4.548182e-01, 1.142857e+00, 0.000000e+00 
1338, 7.114172e-02, 4.949128e-01, 1.142857e+00, 0.000000e+00 
1339, -7.117231e-02, 4.949081e-01, 1.142857e+00, 0.000000e+00 
1340, -2.077129e-01, 4.548128e-01, 1.142857e+00, 0.000000e+00 
1341, -3.274264e-01, 3.778773e-01, 1.142857e+00, 0.000000e+00 
1342, -4.206196e-01, 2.703307e-01, 1.142857e+00, 0.000000e+00 
1343, -4.797428e-01, 1.408783e-01, 1.142857e+00, 0.000000e+00 
1344, -4.797434e-01, -1.408757e-01, 1.285715e+00, 0.000000e+00 
1345, -4.206196e-01, -2.703306e-01, 1.285714e+00, 0.000000e+00 
1346, -3.274204e-01, -3.778827e-01, 1.285714e+00, 0.000000e+00 
1347, -2.077045e-01, -4.548166e-01, 1.285714e+00, 0.000000e+00 
1348, -7.116489e-02, -4.949090e-01, 1.285714e+00, 0.000000e+00 
1349, 7.114495e-02, -4.949122e-01, 1.285714e+00, 0.000000e+00 
1350, 2.077022e-01, -4.548184e-01, 1.285714e+00, 0.000000e+00 
1351, 3.274366e-01, -3.778691e-01, 1.285714e+00, 0.000000e+00 
1352, 4.206323e-01, -2.703108e-01, 1.285715e+00, 0.000000e+00 
1353, 4.797500e-01, -1.408524e-01, 1.285714e+00, 0.000000e+00 
1354, 4.999993e-01, 6.705465e-06, 1.285714e+00, 0.000000e+00 
1355, 4.797470e-01, 1.408618e-01, 1.285714e+00, 0.000000e+00 
1356, 4.206328e-01, 2.703101e-01, 1.285714e+00, 0.000000e+00 
1357, 3.274376e-01, 3.778684e-01, 1.285714e+00, 0.000000e+00 
1358, 2.077026e-01, 4.548182e-01, 1.285714e+00, 0.000000e+00 
1359, 7.114695e-02, 4.949118e-01, 1.285715e+00, 0.000000e+00 
1360, -7.117159e-02, 4.949082e-01, 1.285714e+00, 0.000000e+00 
1361, -2.077164e-01, 4.548112e-01, 1.285714e+00, 0.000000e+00 
1362, -3.274293e-01, 3.778747e-01, 1.285714e+00, 0.000000e+00 
1363, -4.206208e-01, 2.703287e-01, 1.285714e+00, 0.000000e+00 
1364, -4.797429e-01, 1.408776e-01, 1.285714e+00, 0.000000e+00 
1365, -4.797433e-01, -1.408759e-01, 1.428572e+00, 0.000000e+00 
1366, -4.206223e-01, -2.703261e-01, 1.428572e+00, 0.000000e+00 
1367, -3.274264e-01, -3.778773e-01, 1.428572e+00, 0.000000e+00 
1368, -2.077038e-01, -4.548169e-01, 1.428571e+00, 0.000000e+00 
1369, -7.116231e-02, -4.949093e-01, 1.428571e+00, 0.000000e+00 
1370, 7.114639e-02, -4.949119e-01, 1.428571e+00, 0.000000e+00 
1371, 2.077023e-01, -4.548183e-01, 1.428571e+00, 0.000000e+00 
1372, 3.274369e-01, -3.778689e-01, 1.428572e+00, 0.000000e+00 
1373, 4.206311e-01, -2.703126e-01, 1.428572e+00, 0.000000e+00 
1374, 4.797471e-01, -1.408617e-01, 1.428572e+00, 0.000000e+00 
1375, 4.999993e-01, 5.546816e-06, 1.428571e+00, 0.000000e+00 
1376, 4.797463e-01, 1.408642e-01, 1.428571e+00, 0.000000e+00 
1377, 4.206317e-01, 2.703118e-01, 1.428571e+00, 0.000000e+00 
1378, 3.274372e-01, 3.778686e-01, 1.428571e+00, 0.000000e+00 
1379, 2.077025e-01, 4.548183e-01, 1.428571e+00, 0.000000e+00 
1380, 7.114747e-02, 4.949117e-01, 1.428572e+00, 0.000000e+00 
1381, -7.116288e-02, 4.949092e-01, 1.428572e+00, 0.000000e+00 
1382, -2.077126e-01, 4.548129e-01, 1.428571e+00, 0.000000e+00 
1383, -3.274307e-01, 3.778735e-01, 1.428571e+00, 0.000000e+00 
1384, -4.206220e-01, 2.703266e-01, 1.428571e+00, 0.000000e+00 
1385, -4.797431e-01, 1.408767e-01, 1.428571e+00, 0.000000e+00 
1386, -4.797431e-01, -1.408767e-01, 1.571429e+00, 0.000000e+00 
1387, -4.206220e-01, -2.703266e-01, 1.571429e+00, 0.000000e+00 
1388, -3.274307e-01, -3.778735e-01, 1.571429e+00, 0.000000e+00 
1389, -2.077126e-01, -4.548129e-01, 1.571429e+00, 0.000000e+00 
1390, -7.116288e-02, -4.949092e-01, 1.571428e+00, 0.000000e+00 
1391, 7.114747e-02, -4.949117e-01, 1.571428e+00, 0.000000e+00 
1392, 2.077025e-01, -4.548183e-01, 1.571429e+00, 0.000000e+00 
1393, 3.274372e-01, -3.778686e-01, 1.571429e+00, 0.000000e+00 
1394, 4.206317e-01, -2.703118e-01, 1.571429e+00, 0.000000e+00 
1395, 4.797463e-01, -1.408642e-01, 1.571429e+00, 0.000000e+00 
1396, 4.999993e-01, -5.546816e-06, 1.571429e+00, 0.000000e+00 
1397, 4.797471e-01, 1.408617e-01, 1.571428e+00, 0.000000e+00 
1398, 4.206311e-01, 2.703126e-01, 1.571428e+00, 0.000000e+00 
1399, 3.274369e-01, 3.778689e-01, 1.571428e+00, 0.000000e+00 
1400, 2.077023e-01, 4.548183e-01, 1.571429e+00, 0.000000e+00 
1401, 7.114639e-02, 4.949119e-01, 1.571429e+00, 0.000000e+00 
1402, -7.116231e-02, 4.949093e-01, 1.571429e+00, 0.000000e+00 
1403, -2.077038e-01, 4.548169e-01, 1.571429e+00, 0.000000e+00 
1404, -3.274264e-01, 3.778773e-01, 1.571428e+00, 0.000000e+00 
1405, -4.206223e-01, 2.703261e-01, 1.571428e+00, 0.000000e+00 
1406, -4.797433e-01, 1.408759e-01, 1.571428e+00, 0.000000e+00 
1407, -4.797429e-01, -1.408776e-01, 1.714286e+00, 0.000000e+00 
1408, -4.206208e-01, -2.703287e-01, 1.714286e+00, 0.000000e+00 
1409, -3.274293e-01, -3.778747e-01, 1.714286e+00, 0.000000e+00 
1410, -2.077164e-01, -4.548112e-01, 1.714286e+00, 0.000000e+00 
1411, -7.117159e-02, -4.949082e-01, 1.714286e+00, 0.000000e+00 
1412, 7.114695e-02, -4.949118e-01, 1.714285e+00, 0.000000e+00 
1413, 2.077026e-01, -4.548182e-01, 1.714286e+00, 0.000000e+00 
1414, 3.274376e-01, -3.778684e-01, 1.714286e+00, 0.000000e+00 
1415, 4.206328e-01, -2.703101e-01, 1.714286e+00, 0.000000e+00 
1416, 4.797470e-01, -1.408618e-01, 1.714286e+00, 0.000000e+00 
1417, 4.999993e-01, -6.705465e-06, 1.714286e+00, 0.000000e+00 
1418, 4.797500e-01, 1.408524e-01, 1.714286e+00, 0.000000e+00 
1419, 4.206323e-01, 2.703108e-01, 1.714285e+00, 0.000000e+00 
1420, 3.274366e-01, 3.778691e-01, 1.714286e+00, 0.000000e+00 
1421, 2.077022e-01, 4.548184e-01, 1.714286e+00, 0.000000e+00 
1422, 7.114495e-02, 4.949122e-01, 1.714286e+00, 0.000000e+00 
1423, -7.116489e-02, 4.949090e-01, 1.714286e+00, 0.000000e+00 
1424, -2.077045e-01, 4.548166e-01, 1.714286e+00, 0.000000e+00 
1425, -3.274204e-01, 3.778827e-01, 1.714286e+00, 0.000000e+00 
1426, -4.206196e-01, 2.703306e-01, 1.714286e+00, 0.000000e+00 
1427, -4.797434e-01, 1.408757e-01, 1.714285e+00, 0.000000e+00 
1428, -4.797428e-01, -1.408783e-01, 1.857143e+00, 0.000000e+00 
1429, -4.206196e-01, -2.703307e-01, 1.857143e+00, 0.000000e+00 
1430, -3.274264e-01, -3.778773e-01, 1.857143e+00, 0.000000e+00 
1431, -2.077129e-01, -4.548128e-01, 1.857143e+00, 0.000000e+00 
1432, -7.117231e-02, -4.949081e-01, 1.857143e+00, 0.000000e+00 
1433, 7.114172e-02, -4.949128e-01, 1.857143e+00, 0.000000e+00 
1434, 2.077026e-01, -4.548182e-01, 1.857143e+00, 0.000000e+00 
1435, 3.274379e-01, -3.778681e-01, 1.857143e+00, 0.000000e+00 
1436, 4.206338e-01, -2.703087e-01, 1.857143e+00, 0.000000e+00 
1437, 4.797481e-01, -1.408586e-01, 1.857143e+00, 0.000000e+00 
1438, 4.999993e-01, -2.602194e-06, 1.857143e+00, 0.000000e+00 
1439, 4.797495e-01, 1.408539e-01, 1.857143e+00, 0.000000e+00 
1440, 4.206357e-01, 2.703060e-01, 1.857143e+00, 0.000000e+00 
1441, 3.274371e-01, 3.778688e-01, 1.857143e+00, 0.000000e+00 
1442, 2.077021e-01, 4.548184e-01, 1.857143e+00, 0.000000e+00 
1443, 7.114377e-02, 4.949124e-01, 1.857143e+00, 0.000000e+00 
1444, -7.116778e-02, 4.949087e-01, 1.857143e+00, 0.000000e+00 
1445, -2.077082e-01, 4.548149e-01, 1.857143e+00, 0.000000e+00 
1446, -3.274226e-01, 3.778807e-01, 1.857143e+00, 0.000000e+00 
1447, -4.206175e-01, 2.703342e-01, 1.857143e+00, 0.000000e+00 
1448, -4.797428e-01, 1.408783e-01, 1.857143e+00, 0.000000e+00 
1249, -3.621180e-01, -5.797695e-01, 1.258673e+00, 0.000000e+00 
1250, -5.334377e-01, -4.173064e-01, 1.157730e+00, 0.000000e+00 
1251, -6.722087e-01, -2.668366e-01, 1.274032e+00, 0.000000e+00 
1252, -6.294685e-01, -5.159446e-01, 1.350226e+00, 0.000000e+00 
1253, 3.347168e-01, 7.446273e-01, 1.234090e+00, 0.000000e+00 
1254, 3.929847e-01, 6.265408e-01, 1.340381e+00, 0.000000e+00 
1255, 5.118968e-01, 5.028253e-01, 1.170754e+00, 0.000000e+00 
1256, -5.556680e-01, 4.639170e-01, 1.685600e+00, 0.000000e+00 
1257, -3.844672e-01, 5.633231e-01, 1.736374e+00, 0.000000e+00 
1258, 1.725027e-01, 6.962725e-01, 1.277969e+00, 0.000000e+00 
1259, -2.067940e-01, 6.554791e-01, 1.733291e+00, 0.000000e+00 
1260, -6.326005e-01, -3.461684e-01, 1.719629e+00, 0.000000e+00 
1261, -5.266058e-01, -4.504655e-01, 1.850512e+00, 0.000000e+00 
1262, -5.096034e-01, -4.467797e-01, 1.635723e+00, 0.000000e+00 
1263, -3.775556e-01, -6.097275e-01, 1.738144e+00, 0.000000e+00 
1264, 1.727811e-02, -6.930294e-01, 1.754601e+00, 0.000000e+00 
1265, 2.115094e-01, -7.758757e-01, 1.822266e+00, 0.000000e+00 
1266, 2.286194e-01, -7.554638e-01, 1.660541e+00, 0.000000e+00 
1267, 4.031422e-01, -6.235574e-01, 1.664611e+00, 0.000000e+00 
1268, 2.529521e-01, -5.656606e-01, 1.810202e+00, 0.000000e+00 
1269, 4.164235e-01, -6.635160e-01, 1.506136e+00, 0.000000e+00 
1270, -2.706895e-02, 7.203350e-01, 1.865872e+00, 0.000000e+00 
1271, -2.850595e-02, 7.603979e-01, 1.685079e+00, 0.000000e+00 
1272, -1.232910e-03, -6.846413e-01, 1.314192e+00, 0.000000e+00 
1273, 4.209692e-01, 7.127321e-01, 1.569842e+00, 0.000000e+00 
1274, 2.000675e-01, 7.127986e-01, 1.504909e+00, 0.000000e+00 
1275, -8.187879e-01, -1.313352e-02, 1.703775e+00, 0.000000e+00 
1276, 6.531998e-01, 8.319174e-02, 1.265677e+00, 0.000000e+00 
1277, 5.994886e-01, 3.400477e-01, 1.191386e+00, 0.000000e+00 
1278, 2.886364e-01, 5.660936e-01, 1.598434e+00, 0.000000e+00 
1279, 1.696971e-01, 7.181637e-01, 1.723356e+00, 0.000000e+00 
1280, 2.545777e-02, -6.838381e-01, 1.515476e+00, 0.000000e+00 
1281, 5.936701e-01, 5.153181e-01, 1.478924e+00, 0.000000e+00 
1282, -2.040642e-01, 7.234484e-01, 1.498293e+00, 0.000000e+00 
1283, 5.040710e-01, -4.302135e-01, 1.743515e+00, 0.000000e+00 
1284, 5.255606e-01, -4.833827e-01, 1.486224e+00, 0.000000e+00 
1285, 7.076476e-01, 2.390513e-01, 1.327205e+00, 0.000000e+00 
1286, 6.752527e-04, 6.694691e-01, 1.262683e+00, 0.000000e+00 
1287, -5.082538e-01, 4.206136e-01, 1.333008e+00, 0.000000e+00 
1288, -4.208999e-01, 6.483019e-01, 1.501358e+00, 0.000000e+00 
1289, 6.840527e-01, 1.113250e-01, 1.732616e+00, 0.000000e+00 
1290, 4.566862e-01, 6.094847e-01, 1.824140e+00, 0.000000e+00 
1291, 2.681023e-01, 5.889745e-01, 1.878897e+00, 0.000000e+00 
1292, 7.195261e-01, -1.067920e-01, 1.482941e+00, 0.000000e+00 
1293, 7.346785e-01, -3.244604e-01, 1.520125e+00, 0.000000e+00 
1294, -5.888085e-01, 3.356304e-01, 1.489988e+00, 0.000000e+00 
1295, 2.036618e-01, -7.937659e-01, 1.428526e+00, 0.000000e+00 
1296, 5.958104e-01, -2.739221e-01, 1.746118e+00, 0.000000e+00 
1297, 6.769166e-01, -3.347780e-02, 1.876124e+00, 0.000000e+00 
1298, 7.539132e-01, -1.615263e-01, 1.684262e+00, 0.000000e+00 
1299, 7.938531e-01, 1.217652e-01, 1.523277e+00, 0.000000e+00 
1300, 7.159562e-01, -7.730847e-02, 1.265692e+00, 0.000000e+00 
1301, 6.489513e-01, 2.949898e-01, 1.655649e+00, 0.000000e+00 
1302, 5.128669e-01, 4.349916e-01, 1.767033e+00, 0.000000e+00 
1303, 4.123430e-01, -5.591775e-01, 1.273833e+00, 0.000000e+00 
1304, 3.261439e-01, -7.042398e-01, 1.241040e+00, 0.000000e+00 
1305, -3.818225e-01, 5.967913e-01, 1.257963e+00, 0.000000e+00 
1306, -1.928444e-01, -6.638978e-01, 1.730296e+00, 0.000000e+00 
1307, 2.781109e-02, 7.139371e-01, 1.493783e+00, 0.000000e+00 
1308, -1.987990e-01, 6.545946e-01, 1.257566e+00, 0.000000e+00 
1309, 5.111523e-01, -4.404306e-01, 1.257530e+00, 0.000000e+00 
1310, 6.448671e-01, -2.884707e-01, 1.281806e+00, 0.000000e+00 
1311, -4.688564e-01, -6.293273e-01, 1.502345e+00, 0.000000e+00 
1312, -1.902702e-01, -6.991018e-01, 1.505757e+00, 0.000000e+00 
1313, -1.648830e-01, -6.369747e-01, 1.278001e+00, 0.000000e+00 
1314, -6.590961e-01, -3.100506e-01, 1.511397e+00, 0.000000e+00 
1315, -5.806925e-01, 2.475714e-01, 1.254486e+00, 0.000000e+00 
1316, -6.564450e-01, 7.191271e-02, 1.262979e+00, 0.000000e+00 
1317, -6.704253e-01, 8.793561e-02, 1.518152e+00, 0.000000e+00 
1318, -6.886130e-01, 3.255527e-01, 1.709878e+00, 0.000000e+00 
1319, -7.018853e-01, -8.072070e-02, 1.247438e+00, 0.000000e+00 
1320, -6.267365e-01, -3.614474e-02, 1.725534e+00, 0.000000e+00 
1321, -6.701178e-01, 1.653851e-01, 1.855029e+00, 0.000000e+00 
1322, -7.172371e-01, -5.826303e-02, 1.494768e+00, 0.000000e+00 
716, 1.000000e+00, 0.000000e+00, 3.000000e+00, 0.000000e+00 
624, 9.795299e-01, 2.012985e-01, 3.000000e+00, 0.000000e+00 
625, 9.189576e-01, 3.943558e-01, 3.000000e+00, 0.000000e+00 
626, 8.207632e-01, 5.712680e-01, 3.000000e+00, 0.000000e+00 
627, 6.889667e-01, 7.247925e-01, 3.000000e+00, 0.000000e+00 
628, 5.289638e-01, 8.486440e-01, 3.000000e+00, 0.000000e+00 
629, 3.473052e-01, 9.377519e-01, 3.000000e+00, 0.000000e+00 
630, 1.514278e-01, 9.884683e-01, 3.000000e+00, 0.000000e+00 
631, -5.064917e-02, 9.987165e-01, 3.000000e+00, 0.000000e+00 
632, -2.506525e-01, 9.680770e-01, 3.000000e+00, 0.000000e+00 
633, -4.403940e-01, 8.978043e-01, 3.000000e+00, 0.000000e+00 
634, -6.121058e-01, 7.907755e-01, 3.000000e+00, 0.000000e+00 
635, -7.587578e-01, 6.513722e-01, 3.000000e+00, 0.000000e+00 
636, -8.743464e-01, 4.853018e-01, 3.000000e+00, 0.000000e+00 
637, -9.541391e-01, 2.993631e-01, 3.000000e+00, 0.000000e+00 
638, -9.948693e-01, 1.011683e-01, 3.000000e+00, 0.000000e+00 
639, -9.948693e-01, -1.011683e-01, 3.000000e+00, 0.000000e+00 
640, -9.541391e-01, -2.993631e-01, 3.000000e+00, 0.000000e+00 
641, -8.743464e-01, -4.853018e-01, 3.000000e+00, 0.000000e+00 
642, -7.587578e-01, -6.513722e-01, 3.000000e+00, 0.000000e+00 
643, -6.121058e-01, -7.907755e-01, 3.000000e+00, 0.000000e+00 
644, -4.403940e-01, -8.978043e-01, 3.000000e+00, 0.000000e+00 
645, -2.506525e-01, -9.680770e-01, 3.000000e+00, 0.000000e+00 
646, -5.064917e-02, -9.987165e-01, 3.000000e+00, 0.000000e+00 
647, 1.514278e-01, -9.884683e-01, 3.000000e+00, 0.000000e+00 
648, 3.473052e-01, -9.377519e-01, 3.000000e+00, 0.000000e+00 
649, 5.289638e-01, -8.486440e-01, 3.000000e+00, 0.000000e+00 
650, 6.889667e-01, -7.247925e-01, 3.000000e+00, 0.000000e+00 
651, 8.207632e-01, -5.712680e-01, 3.000000e+00, 0.000000e+00 
652, 9.189576e-01, -3.943558e-01, 3.000000e+00, 0.000000e+00 
653, 9.795299e-01, -2.012985e-01, 3.000000e+00, 0.000000e+00 
694, -4.797465e-01, -1.408663e-01, 3.000000e+00, 0.000000e+00 
695, -4.206267e-01, -2.703204e-01, 3.000000e+00, 0.000000e+00 
696, -3.274303e-01, -3.778748e-01, 3.000000e+00, 0.000000e+00 
697, -2.077075e-01, -4.548160e-01, 3.000000e+00, 0.000000e+00 
698, -7.115741e-02, -4.949107e-01, 3.000000e+00, 0.000000e+00 
699, 7.115741e-02, -4.949107e-01, 3.000000e+00, 0.000000e+00 
700, 2.077075e-01, -4.548160e-01, 3.000000e+00, 0.000000e+00 
701, 3.274303e-01, -3.778748e-01, 3.000000e+00, 0.000000e+00 
702, 4.206267e-01, -2.703204e-01, 3.000000e+00, 0.000000e+00 
703, 4.797465e-01, -1.408663e-01, 3.000000e+00, 0.000000e+00 
704, 5.000000e-01, 0.000000e+00, 3.000000e+00, 0.000000e+00 
705, 4.797465e-01, 1.408663e-01, 3.000000e+00, 0.000000e+00 
706, 4.206267e-01, 2.703204e-01, 3.000000e+00, 0.000000e+00 
707, 3.274303e-01, 3.778748e-01, 3.000000e+00, 0.000000e+00 
708, 2.077075e-01, 4.548160e-01, 3.000000e+00, 0.000000e+00 
709, 7.115741e-02, 4.949107e-01, 3.000000e+00, 0.000000e+00 
710, -7.115741e-02, 4.949107e-01, 3.000000e+00, 0.000000e+00 
711, -2.077075e-01, 4.548160e-01, 3.000000e+00, 0.000000e+00 
712, -3.274303e-01, 3.778748e-01, 3.000000e+00, 0.000000e+00 
713, -4.206267e-01, 2.703204e-01, 3.000000e+00, 0.000000e+00 
714, -4.797465e-01, 1.408663e-01, 3.000000e+00, 0.000000e+00 
308, 9.795299e-01, 2.012982e-01, 2.800000e+00, 0.000000e+00 
309, 9.189581e-01, 3.943547e-01, 2.800000e+00, 0.000000e+00 
310, 8.207644e-01, 5.712661e-01, 2.800000e+00, 0.000000e+00 
311, 6.889690e-01, 7.247903e-01, 2.800000e+00, 0.000000e+00 
312, 5.289667e-01, 8.486423e-01, 2.800000e+00, 0.000000e+00 
313, 3.473063e-01, 9.377516e-01, 2.800000e+00, 0.000000e+00 
314, 1.514266e-01, 9.884684e-01, 2.800000e+00, 0.000000e+00 
315, -5.064915e-02, 9.987165e-01, 2.800000e+00, 0.000000e+00 
316, -2.506520e-01, 9.680771e-01, 2.800000e+00, 0.000000e+00 
317, -4.403927e-01, 8.978049e-01, 2.800000e+00, 0.000000e+00 
318, -6.121038e-01, 7.907770e-01, 2.800000e+00, 0.000000e+00 
319, -7.587557e-01, 6.513748e-01, 2.800000e+00, 0.000000e+00 
320, -8.743449e-01, 4.853046e-01, 2.800000e+00, 0.000000e+00 
321, -9.541392e-01, 2.993628e-01, 2.800000e+00, 0.000000e+00 
322, -9.948693e-01, 1.011676e-01, 2.800000e+00, 0.000000e+00 
323, -9.948693e-01, -1.011682e-01, 2.800000e+00, 0.000000e+00 
324, -9.541393e-01, -2.993624e-01, 2.800000e+00, 0.000000e+00 
325, -8.743472e-01, -4.853003e-01, 2.800000e+00, 0.000000e+00 
326, -7.587596e-01, -6.513701e-01, 2.800000e+00, 0.000000e+00 
327, -6.121085e-01, -7.907734e-01, 2.800000e+00, 0.000000e+00 
328, -4.403965e-01, -8.978032e-01, 2.800000e+00, 0.000000e+00 
329, -2.506513e-01, -9.680773e-01, 2.800000e+00, 0.000000e+00 
330, -5.064896e-02, -9.987165e-01, 2.800000e+00, 0.000000e+00 
331, 1.514276e-01, -9.884683e-01, 2.800000e+00, 0.000000e+00 
332, 3.473043e-01, -9.377522e-01, 2.800000e+00, 0.000000e+00 
333, 5.289621e-01, -8.486450e-01, 2.800000e+00, 0.000000e+00 
334, 6.889645e-01, -7.247946e-01, 2.800000e+00, 0.000000e+00 
335, 8.207612e-01, -5.712709e-01, 2.800000e+00, 0.000000e+00 
336, 9.189569e-01, -3.943577e-01, 2.800000e+00, 0.000000e+00 
337, 9.795301e-01, -2.012971e-01, 2.800000e+00, 0.000000e+00 
338, 9.795300e-01, 2.012974e-01, 2.600000e+00, 0.000000e+00 
339, 9.189589e-01, 3.943525e-01, 2.600000e+00, 0.000000e+00 
340, 8.207662e-01, 5.712636e-01, 2.600001e+00, 0.000000e+00 
341, 6.889697e-01, 7.247896e-01, 2.600000e+00, 0.000000e+00 
342, 5.289616e-01, 8.486453e-01, 2.600000e+00, 0.000000e+00 
343, 3.473015e-01, 9.377532e-01, 2.600000e+00, 0.000000e+00 
344, 1.514266e-01, 9.884684e-01, 2.600000e+00, 0.000000e+00 
345, -5.064909e-02, 9.987165e-01, 2.600000e+00, 0.000000e+00 
346, -2.506509e-01, 9.680774e-01, 2.600000e+00, 0.000000e+00 
347, -4.403903e-01, 8.978060e-01, 2.600000e+00, 0.000000e+00 
348, -6.121014e-01, 7.907788e-01, 2.600001e+00, 0.000000e+00 
349, -7.587558e-01, 6.513746e-01, 2.600000e+00, 0.000000e+00 
350, -8.743481e-01, 4.852986e-01, 2.600000e+00, 0.000000e+00 
351, -9.541400e-01, 2.993599e-01, 2.600000e+00, 0.000000e+00 
352, -9.948693e-01, 1.011678e-01, 2.600000e+00, 0.000000e+00 
353, -9.948693e-01, -1.011680e-01, 2.600000e+00, 0.000000e+00 
354, -9.541397e-01, -2.993609e-01, 2.600000e+00, 0.000000e+00 
355, -8.743486e-01, -4.852978e-01, 2.600000e+00, 0.000000e+00 
356, -7.587613e-01, -6.513681e-01, 2.600001e+00, 0.000000e+00 
357, -6.121068e-01, -7.907746e-01, 2.600000e+00, 0.000000e+00 
358, -4.403903e-01, -8.978060e-01, 2.600000e+00, 0.000000e+00 
359, -2.506499e-01, -9.680776e-01, 2.600000e+00, 0.000000e+00 
360, -5.064902e-02, -9.987165e-01, 2.600000e+00, 0.000000e+00 
361, 1.514271e-01, -9.884684e-01, 2.600000e+00, 0.000000e+00 
362, 3.473025e-01, -9.377529e-01, 2.600000e+00, 0.000000e+00 
363, 5.289595e-01, -8.486466e-01, 2.600001e+00, 0.000000e+00 
364, 6.889630e-01, -7.247959e-01, 2.600001e+00, 0.000000e+00 
365, 8.207637e-01, -5.712673e-01, 2.600000e+00, 0.000000e+00 
366, 9.189592e-01, -3.943519e-01, 2.600000e+00, 0.000000e+00 
367, 9.795302e-01, -2.012967e-01, 2.600000e+00, 0.000000e+00 
368, 9.795302e-01, 2.012967e-01, 2.400000e+00, 0.000000e+00 
369, 9.189592e-01, 3.943519e-01, 2.400000e+00, 0.000000e+00 
370, 8.207637e-01, 5.712673e-01, 2.400000e+00, 0.000000e+00 
371, 6.889630e-01, 7.247959e-01, 2.399999e+00, 0.000000e+00 
372, 5.289595e-01, 8.486466e-01, 2.399999e+00, 0.000000e+00 
373, 3.473025e-01, 9.377529e-01, 2.400000e+00, 0.000000e+00 
374, 1.514271e-01, 9.884684e-01, 2.400000e+00, 0.000000e+00 
375, -5.064902e-02, 9.987165e-01, 2.400000e+00, 0.000000e+00 
376, -2.506499e-01, 9.680776e-01, 2.400000e+00, 0.000000e+00 
377, -4.403903e-01, 8.978060e-01, 2.400000e+00, 0.000000e+00 
378, -6.121068e-01, 7.907746e-01, 2.400000e+00, 0.000000e+00 
379, -7.587613e-01, 6.513681e-01, 2.399999e+00, 0.000000e+00 
380, -8.743486e-01, 4.852978e-01, 2.400000e+00, 0.000000e+00 
381, -9.541397e-01, 2.993609e-01, 2.400000e+00, 0.000000e+00 
382, -9.948693e-01, 1.011680e-01, 2.400000e+00, 0.000000e+00 
383, -9.948693e-01, -1.011678e-01, 2.400000e+00, 0.000000e+00 
384, -9.541400e-01, -2.993599e-01, 2.400000e+00, 0.000000e+00 
385, -8.743481e-01, -4.852986e-01, 2.400000e+00, 0.000000e+00 
386, -7.587558e-01, -6.513746e-01, 2.400000e+00, 0.000000e+00 
387, -6.121014e-01, -7.907788e-01, 2.399999e+00, 0.000000e+00 
388, -4.403903e-01, -8.978060e-01, 2.400000e+00, 0.000000e+00 
389, -2.506509e-01, -9.680774e-01, 2.400000e+00, 0.000000e+00 
390, -5.064909e-02, -9.987165e-01, 2.400000e+00, 0.000000e+00 
391, 1.514266e-01, -9.884684e-01, 2.400000e+00, 0.000000e+00 
392, 3.473015e-01, -9.377532e-01, 2.400000e+00, 0.000000e+00 
393, 5.289616e-01, -8.486453e-01, 2.400000e+00, 0.000000e+00 
394, 6.889697e-01, -7.247896e-01, 2.400000e+00, 0.000000e+00 
395, 8.207662e-01, -5.712636e-01, 2.399999e+00, 0.000000e+00 
396, 9.189589e-01, -3.943525e-01, 2.400000e+00, 0.000000e+00 
397, 9.795300e-01, -2.012974e-01, 2.400000e+00, 0.000000e+00 
398, 9.795301e-01, 2.012971e-01, 2.200000e+00, 0.000000e+00 
399, 9.189569e-01, 3.943577e-01, 2.200000e+00, 0.000000e+00 
400, 8.207612e-01, 5.712709e-01, 2.200000e+00, 0.000000e+00 
401, 6.889645e-01, 7.247946e-01, 2.200000e+00, 0.000000e+00 
402, 5.289621e-01, 8.486450e-01, 2.200000e+00, 0.000000e+00 
403, 3.473043e-01, 9.377522e-01, 2.200000e+00, 0.000000e+00 
404, 1.514276e-01, 9.884683e-01, 2.200000e+00, 0.000000e+00 
405, -5.064896e-02, 9.987165e-01, 2.200000e+00, 0.000000e+00 
406, -2.506513e-01, 9.680773e-01, 2.200000e+00, 0.000000e+00 
407, -4.403965e-01, 8.978032e-01, 2.200000e+00, 0.000000e+00 
408, -6.121085e-01, 7.907734e-01, 2.200000e+00, 0.000000e+00 
409, -7.587596e-01, 6.513701e-01, 2.200000e+00, 0.000000e+00 
410, -8.743472e-01, 4.853003e-01, 2.200000e+00, 0.000000e+00 
411, -9.541393e-01, 2.993624e-01, 2.200000e+00, 0.000000e+00 
412, -9.948693e-01, 1.011682e-01, 2.200000e+00, 0.000000e+00 
413, -9.948693e-01, -1.011676e-01, 2.200000e+00, 0.000000e+00 
414, -9.541392e-01, -2.993628e-01, 2.200000e+00, 0.000000e+00 
415, -8.743449e-01, -4.853046e-01, 2.200000e+00, 0.000000e+00 
416, -7.587557e-01, -6.513748e-01, 2.200000e+00, 0.000000e+00 
417, -6.121038e-01, -7.907770e-01, 2.200000e+00, 0.000000e+00 
418, -4.403927e-01, -8.978049e-01, 2.200000e+00, 0.000000e+00 
419, -2.506520e-01, -9.680771e-01, 2.200000e+00, 0.000000e+00 
420, -5.064915e-02, -9.987165e-01, 2.200000e+00, 0.000000e+00 
421, 1.514266e-01, -9.884684e-01, 2.200000e+00, 0.000000e+00 
422, 3.473063e-01, -9.377516e-01, 2.200000e+00, 0.000000e+00 
423, 5.289667e-01, -8.486423e-01, 2.200000e+00, 0.000000e+00 
424, 6.889690e-01, -7.247903e-01, 2.200000e+00, 0.000000e+00 
425, 8.207644e-01, -5.712661e-01, 2.200000e+00, 0.000000e+00 
426, 9.189581e-01, -3.943547e-01, 2.200000e+00, 0.000000e+00 
427, 9.795299e-01, -2.012982e-01, 2.200000e+00, 0.000000e+00 
554, -6.762439e-01, -4.603227e-01, 3.000000e+00, 0.000000e+00 
555, -4.874106e-01, -4.177140e-01, 3.000000e+00, 0.000000e+00 
556, 3.420088e-01, 5.440265e-01, 3.000000e+00, 0.000000e+00 
557, 3.541565e-01, 7.380956e-01, 3.000000e+00, 0.000000e+00 
558, -4.852024e-01, 4.210807e-01, 3.000000e+00, 0.000000e+00 
559, -5.567662e-01, 6.003989e-01, 3.000000e+00, 0.000000e+00 
560, -6.373616e-01, -8.032372e-02, 3.000000e+00, 0.000000e+00 
561, -8.061134e-01, 1.193571e-02, 3.000000e+00, 0.000000e+00 
562, -7.979373e-01, -1.794876e-01, 3.000000e+00, 0.000000e+00 
563, -6.113703e-01, -2.696896e-01, 3.000000e+00, 0.000000e+00 
564, -7.832420e-01, -3.391075e-01, 3.000000e+00, 0.000000e+00 
565, -6.717024e-01, 4.454067e-01, 3.000000e+00, 0.000000e+00 
566, -6.289412e-01, 9.625101e-02, 3.000000e+00, 0.000000e+00 
567, -7.840020e-01, 2.434955e-01, 3.000000e+00, 0.000000e+00 
568, -5.763636e-01, 2.689638e-01, 3.000000e+00, 0.000000e+00 
569, -3.005607e-01, 7.650386e-01, 3.000000e+00, 0.000000e+00 
570, -1.773845e-01, 6.219109e-01, 3.000000e+00, 0.000000e+00 
571, -1.209597e-01, 8.022743e-01, 3.000000e+00, 0.000000e+00 
572, -1.028520e-02, 6.460799e-01, 3.000000e+00, 0.000000e+00 
573, 1.777366e-01, 6.455302e-01, 3.000000e+00, 0.000000e+00 
574, 6.065286e-02, 8.176082e-01, 3.000000e+00, 0.000000e+00 
575, 2.184675e-01, 8.259650e-01, 3.000000e+00, 0.000000e+00 
576, -3.582138e-01, 5.659658e-01, 3.000000e+00, 0.000000e+00 
577, -4.539338e-01, 7.245128e-01, 3.000000e+00, 0.000000e+00 
578, 7.795925e-01, -2.514383e-01, 3.000000e+00, 0.000000e+00 
579, 5.823647e-01, -2.719421e-01, 3.000000e+00, 0.000000e+00 
580, -1.320710e-01, -7.959047e-01, 3.000000e+00, 0.000000e+00 
581, -1.452637e-02, -6.419590e-01, 3.000000e+00, 0.000000e+00 
582, -5.405841e-01, -5.973633e-01, 3.000000e+00, 0.000000e+00 
583, -1.873956e-01, -6.079688e-01, 3.000000e+00, 0.000000e+00 
584, -3.579956e-01, -7.386921e-01, 3.000000e+00, 0.000000e+00 
585, -3.504849e-01, -5.305693e-01, 3.000000e+00, 0.000000e+00 
586, 6.805188e-01, -4.645048e-01, 3.000000e+00, 0.000000e+00 
587, 5.788283e-02, -8.160396e-01, 3.000000e+00, 0.000000e+00 
588, 3.542182e-01, -7.376765e-01, 3.000000e+00, 0.000000e+00 
589, 3.423432e-01, -5.431112e-01, 3.000000e+00, 0.000000e+00 
590, 1.767113e-01, -6.443503e-01, 3.000000e+00, 0.000000e+00 
591, 2.177445e-01, -8.253381e-01, 3.000000e+00, 0.000000e+00 
592, 5.106933e-01, -6.240874e-01, 3.000000e+00, 0.000000e+00 
593, 4.757062e-01, -4.242206e-01, 3.000000e+00, 0.000000e+00 
594, 5.747958e-01, 2.750414e-01, 3.000000e+00, 0.000000e+00 
595, 6.775597e-01, 4.650816e-01, 3.000000e+00, 0.000000e+00 
596, 5.098762e-01, 6.245782e-01, 3.000000e+00, 0.000000e+00 
597, 4.737390e-01, 4.247954e-01, 3.000000e+00, 0.000000e+00 
598, 7.668388e-01, 2.497181e-01, 3.000000e+00, 0.000000e+00 
599, 6.327966e-01, 1.078224e-01, 3.000000e+00, 0.000000e+00 
600, 6.622384e-01, -8.373293e-02, 3.000000e+00, 0.000000e+00 
601, 8.147935e-01, 6.373777e-02, 3.000000e+00, 0.000000e+00 
602, 8.477651e-01, -9.459001e-02, 3.000000e+00, 0.000000e+00 
428, -4.797462e-01, 1.408672e-01, 2.857093e+00, 0.000000e+00 
429, -4.206257e-01, 2.703219e-01, 2.857093e+00, 0.000000e+00 
430, -3.274280e-01, 3.778768e-01, 2.857093e+00, 0.000000e+00 
431, -2.077097e-01, 4.548150e-01, 2.857093e+00, 0.000000e+00 
432, -7.115955e-02, 4.949104e-01, 2.857093e+00, 0.000000e+00 
433, 7.115617e-02, 4.949109e-01, 2.857093e+00, 0.000000e+00 
434, 2.077072e-01, 4.548162e-01, 2.857093e+00, 0.000000e+00 
435, 3.274309e-01, 3.778743e-01, 2.857093e+00, 0.000000e+00 
436, 4.206276e-01, 2.703191e-01, 2.857093e+00, 0.000000e+00 
437, 4.797472e-01, 1.408638e-01, 2.857093e+00, 0.000000e+00 
438, 5.000000e-01, 0.000000e+00, 2.857093e+00, 0.000000e+00 
439, 4.797472e-01, -1.408638e-01, 2.857093e+00, 0.000000e+00 
440, 4.206276e-01, -2.703191e-01, 2.857093e+00, 0.000000e+00 
441, 3.274309e-01, -3.778743e-01, 2.857093e+00, 0.000000e+00 
442, 2.077072e-01, -4.548162e-01, 2.857093e+00, 0.000000e+00 
443, 7.115617e-02, -4.949109e-01, 2.857093e+00, 0.000000e+00 
444, -7.115955e-02, -4.949104e-01, 2.857093e+00, 0.000000e+00 
445, -2.077097e-01, -4.548150e-01, 2.857093e+00, 0.000000e+00 
446, -3.274280e-01, -3.778768e-01, 2.857093e+00, 0.000000e+00 
447, -4.206257e-01, -2.703219e-01, 2.857093e+00, 0.000000e+00 
448, -4.797462e-01, -1.408672e-01, 2.857093e+00, 0.000000e+00 
449, -4.797459e-01, 1.408680e-01, 2.714196e+00, 0.000000e+00 
450, -4.206248e-01, 2.703234e-01, 2.714196e+00, 0.000000e+00 
451, -3.274271e-01, 3.778775e-01, 2.714196e+00, 0.000000e+00 
452, -2.077096e-01, 4.548150e-01, 2.714196e+00, 0.000000e+00 
453, -7.116188e-02, 4.949100e-01, 2.714196e+00, 0.000000e+00 
454, 7.115514e-02, 4.949110e-01, 2.714196e+00, 0.000000e+00 
455, 2.077069e-01, 4.548163e-01, 2.714196e+00, 0.000000e+00 
456, 3.274313e-01, 3.778739e-01, 2.714196e+00, 0.000000e+00 
457, 4.206283e-01, 2.703180e-01, 2.714196e+00, 0.000000e+00 
458, 4.797480e-01, 1.408609e-01, 2.714196e+00, 0.000000e+00 
459, 4.999999e-01, 0.000000e+00, 2.714196e+00, 0.000000e+00 
460, 4.797480e-01, -1.408609e-01, 2.714196e+00, 0.000000e+00 
461, 4.206283e-01, -2.703180e-01, 2.714196e+00, 0.000000e+00 
462, 3.274313e-01, -3.778739e-01, 2.714196e+00, 0.000000e+00 
463, 2.077069e-01, -4.548163e-01, 2.714196e+00, 0.000000e+00 
464, 7.115514e-02, -4.949110e-01, 2.714196e+00, 0.000000e+00 
465, -7.116188e-02, -4.949100e-01, 2.714196e+00, 0.000000e+00 
466, -2.077096e-01, -4.548150e-01, 2.714196e+00, 0.000000e+00 
467, -3.274271e-01, -3.778775e-01, 2.714196e+00, 0.000000e+00 
468, -4.206248e-01, -2.703234e-01, 2.714196e+00, 0.000000e+00 
469, -4.797459e-01, -1.408680e-01, 2.714196e+00, 0.000000e+00 
470, -4.797457e-01, 1.408687e-01, 2.571317e+00, 0.000000e+00 
471, -4.206233e-01, 2.703257e-01, 2.571317e+00, 0.000000e+00 
472, -3.274273e-01, 3.778773e-01, 2.571317e+00, 0.000000e+00 
473, -2.077093e-01, 4.548150e-01, 2.571317e+00, 0.000000e+00 
474, -7.116389e-02, 4.949097e-01, 2.571317e+00, 0.000000e+00 
475, 7.115400e-02, 4.949112e-01, 2.571317e+00, 0.000000e+00 
476, 2.077066e-01, 4.548164e-01, 2.571317e+00, 0.000000e+00 
477, 3.274317e-01, 3.778736e-01, 2.571317e+00, 0.000000e+00 
478, 4.206292e-01, 2.703165e-01, 2.571317e+00, 0.000000e+00 
479, 4.797479e-01, 1.408610e-01, 2.571317e+00, 0.000000e+00 
480, 4.999998e-01, 0.000000e+00, 2.571317e+00, 0.000000e+00 
481, 4.797479e-01, -1.408610e-01, 2.571317e+00, 0.000000e+00 
482, 4.206292e-01, -2.703165e-01, 2.571317e+00, 0.000000e+00 
483, 3.274317e-01, -3.778736e-01, 2.571317e+00, 0.000000e+00 
484, 2.077066e-01, -4.548164e-01, 2.571317e+00, 0.000000e+00 
485, 7.115400e-02, -4.949112e-01, 2.571317e+00, 0.000000e+00 
486, -7.116389e-02, -4.949097e-01, 2.571317e+00, 0.000000e+00 
487, -2.077093e-01, -4.548150e-01, 2.571317e+00, 0.000000e+00 
488, -3.274273e-01, -3.778773e-01, 2.571317e+00, 0.000000e+00 
489, -4.206233e-01, -2.703257e-01, 2.571317e+00, 0.000000e+00 
490, -4.797457e-01, -1.408687e-01, 2.571317e+00, 0.000000e+00 
491, -4.797454e-01, 1.408697e-01, 2.428459e+00, 0.000000e+00 
492, -4.206231e-01, 2.703259e-01, 2.428459e+00, 0.000000e+00 
493, -3.274277e-01, 3.778767e-01, 2.428460e+00, 0.000000e+00 
494, -2.077089e-01, 4.548150e-01, 2.428460e+00, 0.000000e+00 
495, -7.116314e-02, 4.949098e-01, 2.428460e+00, 0.000000e+00 
496, 7.115224e-02, 4.949114e-01, 2.428459e+00, 0.000000e+00 
497, 2.077063e-01, 4.548165e-01, 2.428459e+00, 0.000000e+00 
498, 3.274321e-01, 3.778732e-01, 2.428459e+00, 0.000000e+00 
499, 4.206305e-01, 2.703146e-01, 2.428459e+00, 0.000000e+00 
500, 4.797476e-01, 1.408618e-01, 2.428460e+00, 0.000000e+00 
501, 4.999997e-01, 0.000000e+00, 2.428460e+00, 0.000000e+00 
502, 4.797476e-01, -1.408618e-01, 2.428460e+00, 0.000000e+00 
503, 4.206305e-01, -2.703146e-01, 2.428459e+00, 0.000000e+00 
504, 3.274321e-01, -3.778732e-01, 2.428459e+00, 0.000000e+00 
505, 2.077063e-01, -4.548165e-01, 2.428459e+00, 0.000000e+00 
506, 7.115224e-02, -4.949114e-01, 2.428459e+00, 0.000000e+00 
507, -7.116314e-02, -4.949098e-01, 2.428460e+00, 0.000000e+00 
508, -2.077089e-01, -4.548150e-01, 2.428460e+00, 0.000000e+00 
509, -3.274277e-01, -3.778767e-01, 2.428460e+00, 0.000000e+00 
510, -4.206231e-01, -2.703259e-01, 2.428459e+00, 0.000000e+00 
511, -4.797454e-01, -1.408697e-01, 2.428459e+00, 0.000000e+00 
512, -4.797449e-01, 1.408714e-01, 2.285624e+00, 0.000000e+00 
513, -4.206239e-01, 2.703245e-01, 2.285625e+00, 0.000000e+00 
514, -3.274284e-01, 3.778759e-01, 2.285625e+00, 0.000000e+00 
515, -2.077084e-01, 4.548151e-01, 2.285625e+00, 0.000000e+00 
516, -7.116155e-02, 4.949098e-01, 2.285625e+00, 0.000000e+00 
517, 7.115164e-02, 4.949115e-01, 2.285625e+00, 0.000000e+00 
518, 2.077060e-01, 4.548167e-01, 2.285624e+00, 0.000000e+00 
519, 3.274327e-01, 3.778727e-01, 2.285625e+00, 0.000000e+00 
520, 4.206297e-01, 2.703157e-01, 2.285625e+00, 0.000000e+00 
521, 4.797471e-01, 1.408630e-01, 2.285625e+00, 0.000000e+00 
522, 4.999995e-01, 0.000000e+00, 2.285625e+00, 0.000000e+00 
523, 4.797471e-01, -1.408630e-01, 2.285625e+00, 0.000000e+00 
524, 4.206297e-01, -2.703157e-01, 2.285625e+00, 0.000000e+00 
525, 3.274327e-01, -3.778727e-01, 2.285625e+00, 0.000000e+00 
526, 2.077060e-01, -4.548167e-01, 2.285624e+00, 0.000000e+00 
527, 7.115164e-02, -4.949115e-01, 2.285625e+00, 0.000000e+00 
528, -7.116155e-02, -4.949098e-01, 2.285625e+00, 0.000000e+00 
529, -2.077084e-01, -4.548151e-01, 2.285625e+00, 0.000000e+00 
530, -3.274284e-01, -3.778759e-01, 2.285625e+00, 0.000000e+00 
531, -4.206239e-01, -2.703245e-01, 2.285625e+00, 0.000000e+00 
532, -4.797449e-01, -1.408714e-01, 2.285624e+00, 0.000000e+00 
533, -4.797454e-01, 1.408696e-01, 2.142807e+00, 0.000000e+00 
534, -4.206251e-01, 2.703223e-01, 2.142808e+00, 0.000000e+00 
535, -3.274292e-01, 3.778750e-01, 2.142808e+00, 0.000000e+00 
536, -2.077077e-01, 4.548152e-01, 2.142808e+00, 0.000000e+00 
537, -7.115940e-02, 4.949100e-01, 2.142808e+00, 0.000000e+00 
538, 7.115417e-02, 4.949110e-01, 2.142807e+00, 0.000000e+00 
539, 2.077056e-01, 4.548169e-01, 2.142807e+00, 0.000000e+00 
540, 3.274330e-01, 3.778725e-01, 2.142807e+00, 0.000000e+00 
541, 4.206281e-01, 2.703178e-01, 2.142808e+00, 0.000000e+00 
542, 4.797464e-01, 1.408646e-01, 2.142808e+00, 0.000000e+00 
543, 4.999993e-01, 0.000000e+00, 2.142808e+00, 0.000000e+00 
544, 4.797464e-01, -1.408646e-01, 2.142808e+00, 0.000000e+00 
545, 4.206281e-01, -2.703178e-01, 2.142808e+00, 0.000000e+00 
546, 3.274330e-01, -3.778725e-01, 2.142807e+00, 0.000000e+00 
547, 2.077056e-01, -4.548169e-01, 2.142807e+00, 0.000000e+00 
548, 7.115417e-02, -4.949110e-01, 2.142807e+00, 0.000000e+00 
549, -7.115940e-02, -4.949100e-01, 2.142808e+00, 0.000000e+00 
550, -2.077077e-01, -4.548152e-01, 2.142808e+00, 0.000000e+00 
551, -3.274292e-01, -3.778750e-01, 2.142808e+00, 0.000000e+00 
552, -4.206251e-01, -2.703223e-01, 2.142808e+00, 0.000000e+00 
553, -4.797454e-01, -1.408696e-01, 2.142807e+00, 0.000000e+00 
189, -6.041572e-01, 3.352925e-01, 2.674934e+00, 0.000000e+00 
190, -6.727611e-01, 3.277545e-01, 2.861423e+00, 0.000000e+00 
191, 6.959879e-01, 3.017487e-01, 2.485811e+00, 0.000000e+00 
192, -4.434854e-01, 4.823605e-01, 2.852363e+00, 0.000000e+00 
193, -7.011736e-01, 7.982005e-02, 2.707781e+00, 0.000000e+00 
194, -4.127163e-01, 6.505279e-01, 2.267904e+00, 0.000000e+00 
195, -6.148986e-01, 4.791734e-01, 2.140332e+00, 0.000000e+00 
196, -5.307773e-01, -4.856102e-01, 2.246345e+00, 0.000000e+00 
197, -5.651047e-01, 5.365954e-01, 2.282867e+00, 0.000000e+00 
198, -6.610469e-01, 2.865688e-01, 2.240634e+00, 0.000000e+00 
199, -5.193951e-01, -4.644717e-01, 2.693045e+00, 0.000000e+00 
200, -3.553121e-01, -5.616940e-01, 2.822485e+00, 0.000000e+00 
201, -3.778458e-01, -5.802172e-01, 2.604156e+00, 0.000000e+00 
202, -1.827608e-01, -6.437325e-01, 2.719600e+00, 0.000000e+00 
203, 3.961393e-01, -6.302709e-01, 2.641500e+00, 0.000000e+00 
204, 5.188479e-01, -4.488186e-01, 2.705190e+00, 0.000000e+00 
205, 3.729018e-01, -5.821361e-01, 2.825895e+00, 0.000000e+00 
206, 1.945325e-01, -6.622054e-01, 2.729026e+00, 0.000000e+00 
207, 3.994086e-01, -6.133860e-01, 2.411090e+00, 0.000000e+00 
208, 5.008257e-01, -4.476030e-01, 2.299135e+00, 0.000000e+00 
209, 3.696408e-01, -5.906272e-01, 2.152126e+00, 0.000000e+00 
210, 1.047268e-02, 6.987310e-01, 2.294198e+00, 0.000000e+00 
211, 1.698115e-01, -6.717293e-01, 2.265636e+00, 0.000000e+00 
212, 5.187013e-01, 4.611733e-01, 2.772253e+00, 0.000000e+00 
213, 3.365698e-01, 7.005729e-01, 2.843971e+00, 0.000000e+00 
214, 1.765521e-01, 6.585429e-01, 2.727076e+00, 0.000000e+00 
215, 4.075266e-01, 5.823995e-01, 2.706934e+00, 0.000000e+00 
216, 6.532465e-01, 3.039307e-01, 2.274166e+00, 0.000000e+00 
217, 4.156121e-01, 6.067154e-01, 2.437224e+00, 0.000000e+00 
218, 5.093572e-01, 4.369807e-01, 2.301445e+00, 0.000000e+00 
219, 2.652048e-01, 5.925173e-01, 2.160769e+00, 0.000000e+00 
220, 2.101895e-01, 7.249250e-01, 2.260858e+00, 0.000000e+00 
221, 7.194043e-01, -9.108257e-02, 2.494253e+00, 0.000000e+00 
222, 7.263240e-01, 9.492329e-02, 2.490527e+00, 0.000000e+00 
223, 5.609617e-01, 4.745972e-01, 2.485397e+00, 0.000000e+00 
224, 2.245893e-01, 6.768535e-01, 2.474968e+00, 0.000000e+00 
225, -6.688945e-01, 1.098188e-01, 2.269759e+00, 0.000000e+00 
226, -6.625552e-01, -9.128168e-02, 2.274510e+00, 0.000000e+00 
227, -6.842457e-01, 1.230873e-01, 2.470516e+00, 0.000000e+00 
228, 7.244279e-03, 6.478747e-01, 2.714764e+00, 0.000000e+00 
229, -1.921725e-01, 6.703540e-01, 2.503715e+00, 0.000000e+00 
230, -1.997498e-01, 6.594710e-01, 2.727406e+00, 0.000000e+00 
231, 1.955105e-02, 7.332020e-01, 2.503194e+00, 0.000000e+00 
232, 6.953052e-01, 1.150312e-01, 2.268872e+00, 0.000000e+00 
233, 6.620678e-01, -8.730341e-02, 2.259088e+00, 0.000000e+00 
234, 6.275812e-01, 3.077826e-01, 2.739909e+00, 0.000000e+00 
235, -4.139982e-01, 6.303935e-01, 2.739046e+00, 0.000000e+00 
236, -5.134983e-01, 4.699898e-01, 2.614354e+00, 0.000000e+00 
237, 4.448208e-03, -6.685704e-01, 2.729916e+00, 0.000000e+00 
238, -4.023943e-01, 6.358610e-01, 2.498149e+00, 0.000000e+00 
239, -1.806442e-01, 6.617513e-01, 2.261997e+00, 0.000000e+00 
240, 1.998663e-01, -6.966540e-01, 2.490257e+00, 0.000000e+00 
241, -1.113465e-02, -6.612910e-01, 2.252593e+00, 0.000000e+00 
242, -6.815078e-01, 3.501016e-01, 2.463892e+00, 0.000000e+00 
243, -7.119827e-01, -1.072142e-01, 2.734230e+00, 0.000000e+00 
244, 9.913691e-03, -6.686265e-01, 2.492183e+00, 0.000000e+00 
245, 6.404905e-01, -2.844631e-01, 2.714555e+00, 0.000000e+00 
246, 5.512178e-01, -4.882097e-01, 2.497883e+00, 0.000000e+00 
247, -5.963710e-01, -2.735708e-01, 2.261494e+00, 0.000000e+00 
248, -6.055924e-01, -2.522754e-01, 2.478779e+00, 0.000000e+00 
249, -5.792399e-01, -4.986765e-01, 2.484770e+00, 0.000000e+00 
250, -2.263601e-01, -6.921551e-01, 2.273564e+00, 0.000000e+00 
251, 6.524420e-01, 9.145023e-02, 2.738580e+00, 0.000000e+00 
252, 7.068269e-01, -8.063149e-02, 2.718150e+00, 0.000000e+00 
253, 6.539210e-01, -2.809458e-01, 2.514582e+00, 0.000000e+00 
254, -3.541571e-01, -5.556096e-01, 2.302615e+00, 0.000000e+00 
255, -2.172996e-01, -7.478732e-01, 2.509013e+00, 0.000000e+00 
256, 6.184317e-01, -2.978473e-01, 2.267777e+00, 0.000000e+00 
257, -6.833907e-01, -2.897051e-01, 2.729985e+00, 0.000000e+00 
258, -7.037815e-01, -6.526936e-02, 2.502010e+00, 0.000000e+00 
717, 1.000000e+00, 0.000000e+00, 2.000000e+00, 0.000000e+00 
718, -5.000000e-01, 0.000000e+00, 3.000000e+00, 0.000000e+00 
654, 1.000000e+00, 0.000000e+00, 2.800000e+00, 0.000000e+00 
655, 1.000000e+00, 0.000000e+00, 2.600000e+00, 0.000000e+00 
656, 1.000000e+00, 0.000000e+00, 2.400000e+00, 0.000000e+00 
657, 1.000000e+00, 0.000000e+00, 2.200000e+00, 0.000000e+00 
658, -5.000000e-01, 0.000000e+00, 2.857093e+00, 0.000000e+00 
659, -5.000000e-01, 0.000000e+00, 2.714196e+00, 0.000000e+00 
660, -5.000000e-01, 0.000000e+00, 2.571317e+00, 0.000000e+00 
661, -5.000000e-01, 0.000000e+00, 2.428459e+00, 0.000000e+00 
662, -5.000000e-01, 0.000000e+00, 2.285624e+00, 0.000000e+00 
663, -5.000000e-01, 0.000000e+00, 2.142807e+00, 0.000000e+00 
1247, 1.000000e+00, 0.000000e+00, 1.000000e+00, 0.000000e+00 
1248, -5.000000e-01, 0.000000e+00, 0.000000e+00, 0.000000e+00 
1184, 1.000000e+00, 0.000000e+00, 8.000000e-01, 0.000000e+00 
1185, 1.000000e+00, 0.000000e+00, 6.000000e-01, 0.000000e+00 
1186, 1.000000e+00, 0.000000e+00, 4.000000e-01, 0.000000e+00 
1187, 1.000000e+00, 0.000000e+00, 2.000000e-01, 0.000000e+00 
1188, -5.000000e-01, 0.000000e+00, 1.429070e-01, 0.000000e+00 
1189, -5.000000e-01, 0.000000e+00, 2.858041e-01, 0.000000e+00 
1190, -5.000000e-01, 0.000000e+00, 4.286834e-01, 0.000000e+00 
1191, -5.000000e-01, 0.000000e+00, 5.715406e-01, 0.000000e+00 
1192, -5.000000e-01, 0.000000e+00, 7.143755e-01, 0.000000e+00 
1193, -5.000000e-01, 0.000000e+00, 8.571927e-01, 0.000000e+00 
1569, 1.000000e+00, 0.000000e+00, 1.200000e+00, 0.000000e+00 
1570, 1.000000e+00, 0.000000e+00, 1.400000e+00, 0.000000e+00 
1571, 1.000000e+00, 0.000000e+00, 1.600000e+00, 0.000000e+00 
1572, 1.000000e+00, 0.000000e+00, 1.800000e+00, 0.000000e+00 
1573, -5.000000e-01, 0.000000e+00, 1.142857e+00, 0.000000e+00 
1574, -5.000000e-01, 0.000000e+00, 1.285714e+00, 0.000000e+00 
1575, -5.000000e-01, 0.000000e+00, 1.428571e+00, 0.000000e+00 
1576, -5.000000e-01, 0.000000e+00, 1.571429e+00, 0.000000e+00 
1577, -5.000000e-01, 0.000000e+00, 1.714286e+00, 0.000000e+00 
1578, -5.000000e-01, 0.000000e+00, 1.857143e+00, 0.000000e+00 
185, 0.000000e+00, -1.206126e-07, 3.000000e+00, 0.000000e+00 
186, 0.000000e+00, 1.321171e-07, 2.000000e+00, 0.000000e+00 
187, 0.000000e+00, 1.321171e-07, 1.000000e+00, 0.000000e+00 
188, 0.000000e+00, 1.206126e-07, 0.000000e+00, 0.000000e+00 
